ISO-10303-21;
HEADER;
/* Generated by software containing ST-Developer
 * from STEP Tools, Inc. (www.steptools.com) 
 */

FILE_DESCRIPTION(
/* description */ (''),
/* implementation_level */ '2;1');

FILE_NAME(
/* name */ '870603-STR6022-5SM2-20-00.stp',
/* time_stamp */ '2025-06-12T18:14:17+01:00',
/* author */ (''),
/* organization */ (''),
/* preprocessor_version */ 'ST-DEVELOPER v20.1',
/* originating_system */ 'Autodesk Translation Framework v14.10.0.0',
/* authorisation */ '');

FILE_SCHEMA (('AUTOMOTIVE_DESIGN { 1 0 10303 214 3 1 1 }'));
ENDSEC;

DATA;
#10=MECHANICAL_DESIGN_GEOMETRIC_PRESENTATION_REPRESENTATION('',(#13),#2159);
#11=SHAPE_REPRESENTATION_RELATIONSHIP('SRR','None',#2166,#12);
#12=ADVANCED_BREP_SHAPE_REPRESENTATION('',(#14),#2158);
#13=STYLED_ITEM('',(#2175),#14);
#14=MANIFOLD_SOLID_BREP('Body1',#600);
#15=FACE_BOUND('',#89,.T.);
#16=FACE_BOUND('',#92,.T.);
#17=FACE_BOUND('',#102,.T.);
#18=PLANE('',#641);
#19=PLANE('',#646);
#20=PLANE('',#649);
#21=PLANE('',#650);
#22=PLANE('',#651);
#23=PLANE('',#652);
#24=PLANE('',#653);
#25=PLANE('',#654);
#26=PLANE('',#655);
#27=PLANE('',#656);
#28=PLANE('',#657);
#29=CONICAL_SURFACE('',#635,1.20000000000004,0.785398163397323);
#30=CONICAL_SURFACE('',#642,1.95,0.785398163397437);
#31=B_SPLINE_SURFACE_WITH_KNOTS('',3,3,((#1330,#1331,#1332,#1333,#1334,
#1335,#1336,#1337,#1338,#1339,#1340,#1341,#1342,#1343,#1344,#1345,#1346,
#1347,#1348,#1349,#1350,#1351,#1352,#1353,#1354,#1355,#1356,#1357,#1358,
#1359,#1360,#1361,#1362,#1363,#1364,#1365,#1366,#1367,#1368,#1369,#1370,
#1371,#1372,#1373,#1374,#1375,#1376,#1377,#1378,#1379,#1380,#1381,#1382),
(#1383,#1384,#1385,#1386,#1387,#1388,#1389,#1390,#1391,#1392,#1393,#1394,
#1395,#1396,#1397,#1398,#1399,#1400,#1401,#1402,#1403,#1404,#1405,#1406,
#1407,#1408,#1409,#1410,#1411,#1412,#1413,#1414,#1415,#1416,#1417,#1418,
#1419,#1420,#1421,#1422,#1423,#1424,#1425,#1426,#1427,#1428,#1429,#1430,
#1431,#1432,#1433,#1434,#1435),(#1436,#1437,#1438,#1439,#1440,#1441,#1442,
#1443,#1444,#1445,#1446,#1447,#1448,#1449,#1450,#1451,#1452,#1453,#1454,
#1455,#1456,#1457,#1458,#1459,#1460,#1461,#1462,#1463,#1464,#1465,#1466,
#1467,#1468,#1469,#1470,#1471,#1472,#1473,#1474,#1475,#1476,#1477,#1478,
#1479,#1480,#1481,#1482,#1483,#1484,#1485,#1486,#1487,#1488),(#1489,#1490,
#1491,#1492,#1493,#1494,#1495,#1496,#1497,#1498,#1499,#1500,#1501,#1502,
#1503,#1504,#1505,#1506,#1507,#1508,#1509,#1510,#1511,#1512,#1513,#1514,
#1515,#1516,#1517,#1518,#1519,#1520,#1521,#1522,#1523,#1524,#1525,#1526,
#1527,#1528,#1529,#1530,#1531,#1532,#1533,#1534,#1535,#1536,#1537,#1538,
#1539,#1540,#1541)),.UNSPECIFIED.,.F.,.F.,.F.,(4,4),(4,1,1,1,1,1,1,1,1,
1,1,1,1,1,1,1,1,1,1,1,1,1,1,1,1,1,1,1,1,1,1,1,1,1,1,1,1,1,1,1,1,1,1,1,1,
1,1,1,1,1,4),(0.,0.0262983047615876),(8.30929135176528,9.29307842836259,
10.2768655049599,11.2606525815572,12.2444396581545,13.2282267347518,14.2120138113491,
15.1958008879464,16.1795879645437,17.163375041141,18.1471621177383,19.1309491943356,
20.1147362709329,21.0985233475302,22.0823104241275,23.0660975007248,24.0498845773221,
25.0336716539195,26.0174587305168,27.0012458071141,27.9850328837114,28.9688199603087,
29.952607036906,30.9363941135033,31.9201811901006,32.9039682666979,33.8877553432952,
34.8715424198925,35.8553294964898,36.8391165730871,37.8229036496844,38.8066907262817,
39.790477802879,40.7742648794763,41.7580519560736,42.7418390326709,43.7256261092682,
44.7094131858655,45.6932002624628,46.6769873390601,47.6607744156574,48.6445614922548,
49.6283485688521,50.6121356454494,51.5959227220467,52.579709798644,53.5634968752413,
54.5472839518386,55.5310710284359,56.5148581050332,57.4986451816305),
 .UNSPECIFIED.);
#32=B_SPLINE_SURFACE_WITH_KNOTS('',3,3,((#1723,#1724,#1725,#1726,#1727,
#1728,#1729,#1730,#1731,#1732,#1733,#1734,#1735,#1736,#1737,#1738,#1739,
#1740,#1741,#1742,#1743,#1744,#1745,#1746,#1747,#1748,#1749,#1750,#1751,
#1752,#1753,#1754,#1755,#1756,#1757,#1758,#1759,#1760,#1761,#1762,#1763,
#1764,#1765,#1766,#1767,#1768,#1769,#1770,#1771,#1772,#1773,#1774,#1775),
(#1776,#1777,#1778,#1779,#1780,#1781,#1782,#1783,#1784,#1785,#1786,#1787,
#1788,#1789,#1790,#1791,#1792,#1793,#1794,#1795,#1796,#1797,#1798,#1799,
#1800,#1801,#1802,#1803,#1804,#1805,#1806,#1807,#1808,#1809,#1810,#1811,
#1812,#1813,#1814,#1815,#1816,#1817,#1818,#1819,#1820,#1821,#1822,#1823,
#1824,#1825,#1826,#1827,#1828),(#1829,#1830,#1831,#1832,#1833,#1834,#1835,
#1836,#1837,#1838,#1839,#1840,#1841,#1842,#1843,#1844,#1845,#1846,#1847,
#1848,#1849,#1850,#1851,#1852,#1853,#1854,#1855,#1856,#1857,#1858,#1859,
#1860,#1861,#1862,#1863,#1864,#1865,#1866,#1867,#1868,#1869,#1870,#1871,
#1872,#1873,#1874,#1875,#1876,#1877,#1878,#1879,#1880,#1881),(#1882,#1883,
#1884,#1885,#1886,#1887,#1888,#1889,#1890,#1891,#1892,#1893,#1894,#1895,
#1896,#1897,#1898,#1899,#1900,#1901,#1902,#1903,#1904,#1905,#1906,#1907,
#1908,#1909,#1910,#1911,#1912,#1913,#1914,#1915,#1916,#1917,#1918,#1919,
#1920,#1921,#1922,#1923,#1924,#1925,#1926,#1927,#1928,#1929,#1930,#1931,
#1932,#1933,#1934)),.UNSPECIFIED.,.F.,.F.,.F.,(4,4),(4,1,1,1,1,1,1,1,1,
1,1,1,1,1,1,1,1,1,1,1,1,1,1,1,1,1,1,1,1,1,1,1,1,1,1,1,1,1,1,1,1,1,1,1,1,
1,1,1,1,1,4),(0.,0.0262983047615875),(11.6163931973414,12.6001802739387,
13.583967350536,14.5677544271334,15.5515415037307,16.535328580328,17.5191156569253,
18.5029027335226,19.4866898101199,20.4704768867172,21.4542639633145,22.4380510399118,
23.4218381165091,24.4056251931064,25.3894122697037,26.373199346301,27.3569864228983,
28.3407734994956,29.3245605760929,30.3083476526902,31.2921347292875,32.2759218058848,
33.2597088824821,34.2434959590794,35.2272830356767,36.211070112274,37.1948571888713,
38.1786442654686,39.1624313420659,40.1462184186632,41.1300054952605,42.1137925718578,
43.0975796484552,44.0813667250524,45.0651538016498,46.0489408782471,47.0327279548444,
48.0165150314417,49.000302108039,49.9840891846363,50.9678762612336,51.9516633378309,
52.9354504144282,53.9192374910255,54.9030245676228,55.8868116442201,56.8705987208174,
57.8543857974147,58.838172874012,59.8219599506093,60.8057470272066),
 .UNSPECIFIED.);
#33=FACE_OUTER_BOUND('',#67,.T.);
#34=FACE_OUTER_BOUND('',#68,.T.);
#35=FACE_OUTER_BOUND('',#69,.T.);
#36=FACE_OUTER_BOUND('',#70,.T.);
#37=FACE_OUTER_BOUND('',#71,.T.);
#38=FACE_OUTER_BOUND('',#72,.T.);
#39=FACE_OUTER_BOUND('',#73,.T.);
#40=FACE_OUTER_BOUND('',#74,.T.);
#41=FACE_OUTER_BOUND('',#75,.T.);
#42=FACE_OUTER_BOUND('',#76,.T.);
#43=FACE_OUTER_BOUND('',#77,.T.);
#44=FACE_OUTER_BOUND('',#78,.T.);
#45=FACE_OUTER_BOUND('',#79,.T.);
#46=FACE_OUTER_BOUND('',#80,.T.);
#47=FACE_OUTER_BOUND('',#81,.T.);
#48=FACE_OUTER_BOUND('',#82,.T.);
#49=FACE_OUTER_BOUND('',#83,.T.);
#50=FACE_OUTER_BOUND('',#84,.T.);
#51=FACE_OUTER_BOUND('',#85,.T.);
#52=FACE_OUTER_BOUND('',#86,.T.);
#53=FACE_OUTER_BOUND('',#87,.T.);
#54=FACE_OUTER_BOUND('',#88,.T.);
#55=FACE_OUTER_BOUND('',#90,.T.);
#56=FACE_OUTER_BOUND('',#91,.T.);
#57=FACE_OUTER_BOUND('',#93,.T.);
#58=FACE_OUTER_BOUND('',#94,.T.);
#59=FACE_OUTER_BOUND('',#95,.T.);
#60=FACE_OUTER_BOUND('',#96,.T.);
#61=FACE_OUTER_BOUND('',#97,.T.);
#62=FACE_OUTER_BOUND('',#98,.T.);
#63=FACE_OUTER_BOUND('',#99,.T.);
#64=FACE_OUTER_BOUND('',#100,.T.);
#65=FACE_OUTER_BOUND('',#101,.T.);
#66=FACE_OUTER_BOUND('',#103,.T.);
#67=EDGE_LOOP('',(#373,#374,#375,#376));
#68=EDGE_LOOP('',(#377,#378,#379,#380));
#69=EDGE_LOOP('',(#381,#382,#383,#384));
#70=EDGE_LOOP('',(#385,#386,#387,#388));
#71=EDGE_LOOP('',(#389,#390,#391,#392));
#72=EDGE_LOOP('',(#393,#394,#395,#396));
#73=EDGE_LOOP('',(#397,#398,#399,#400));
#74=EDGE_LOOP('',(#401,#402,#403,#404));
#75=EDGE_LOOP('',(#405,#406,#407,#408));
#76=EDGE_LOOP('',(#409,#410,#411,#412));
#77=EDGE_LOOP('',(#413,#414,#415,#416));
#78=EDGE_LOOP('',(#417,#418,#419,#420));
#79=EDGE_LOOP('',(#421,#422,#423,#424));
#80=EDGE_LOOP('',(#425,#426,#427,#428));
#81=EDGE_LOOP('',(#429,#430,#431,#432));
#82=EDGE_LOOP('',(#433,#434,#435,#436,#437,#438,#439,#440,#441,#442,#443,
#444,#445,#446,#447,#448,#449,#450,#451));
#83=EDGE_LOOP('',(#452,#453,#454,#455));
#84=EDGE_LOOP('',(#456,#457,#458,#459,#460,#461,#462,#463,#464,#465,#466,
#467,#468,#469,#470,#471,#472,#473,#474));
#85=EDGE_LOOP('',(#475,#476,#477,#478));
#86=EDGE_LOOP('',(#479,#480,#481,#482,#483));
#87=EDGE_LOOP('',(#484,#485,#486,#487,#488));
#88=EDGE_LOOP('',(#489));
#89=EDGE_LOOP('',(#490,#491,#492,#493));
#90=EDGE_LOOP('',(#494,#495,#496,#497,#498));
#91=EDGE_LOOP('',(#499));
#92=EDGE_LOOP('',(#500,#501,#502,#503,#504,#505));
#93=EDGE_LOOP('',(#506,#507,#508,#509,#510));
#94=EDGE_LOOP('',(#511,#512,#513,#514));
#95=EDGE_LOOP('',(#515,#516,#517,#518));
#96=EDGE_LOOP('',(#519,#520,#521,#522));
#97=EDGE_LOOP('',(#523,#524,#525,#526));
#98=EDGE_LOOP('',(#527,#528,#529,#530));
#99=EDGE_LOOP('',(#531,#532,#533,#534));
#100=EDGE_LOOP('',(#535,#536,#537,#538,#539,#540));
#101=EDGE_LOOP('',(#541));
#102=EDGE_LOOP('',(#542));
#103=EDGE_LOOP('',(#543,#544,#545,#546));
#104=CIRCLE('',#615,0.96675);
#105=CIRCLE('',#624,0.739);
#106=CIRCLE('',#632,0.739);
#107=CIRCLE('',#634,0.96675);
#108=CIRCLE('',#636,1.15000000000005);
#109=CIRCLE('',#637,1.25000000000002);
#110=CIRCLE('',#638,1.25000000000002);
#111=CIRCLE('',#640,1.25);
#112=CIRCLE('',#643,2.);
#113=CIRCLE('',#644,2.);
#114=CIRCLE('',#645,1.9);
#115=CIRCLE('',#648,2.);
#116=B_SPLINE_CURVE_WITH_KNOTS('',3,(#791,#792,#793,#794,#795,#796,#797,
#798,#799,#800),.UNSPECIFIED.,.F.,.F.,(4,3,3,4),(-4.09157007060753,-3.93514830638921,
-2.95136122979191,-2.06546402602173),.UNSPECIFIED.);
#117=B_SPLINE_CURVE_WITH_KNOTS('',3,(#803,#804,#805,#806,#807,#808,#809),
 .UNSPECIFIED.,.F.,.F.,(4,3,4),(0.,0.983787076597301,1.11548660900407),
 .UNSPECIFIED.);
#118=B_SPLINE_CURVE_WITH_KNOTS('',3,(#814,#815,#816,#817,#818,#819,#820,
#821,#822,#823,#824,#825,#826,#827,#828,#829,#830,#831,#832,#833,#834,#835),
 .UNSPECIFIED.,.F.,.F.,(4,3,3,3,3,3,3,4),(-10.3747553777871,-9.83787076597303,
-8.85408368937573,-7.87029661277843,-6.88650953618112,-5.90272245958382,
-4.91893538298652,-4.09157007060753),.UNSPECIFIED.);
#119=B_SPLINE_CURVE_WITH_KNOTS('',3,(#836,#837,#838,#839,#840,#841,#842,
#843,#844,#845,#846,#847,#848,#849,#850,#851,#852,#853,#854,#855,#856,#857),
 .UNSPECIFIED.,.F.,.F.,(4,3,3,3,3,3,3,4),(1.11548660900407,1.96757415319461,
2.95136122979191,3.93514830638922,4.91893538298652,5.90272245958383,6.88650953618113,
7.39867191618366),.UNSPECIFIED.);
#120=B_SPLINE_CURVE_WITH_KNOTS('',3,(#862,#863,#864,#865,#866,#867,#868,
#869,#870,#871,#872,#873,#874,#875,#876,#877,#878,#879,#880,#881,#882,#883),
 .UNSPECIFIED.,.F.,.F.,(4,3,3,3,3,3,3,4),(-16.6579406849667,-15.7405932255569,
-14.7568061489596,-13.7730190723622,-12.7892319957649,-11.8054449191676,
-10.8216578425703,-10.3747553777871),.UNSPECIFIED.);
#121=B_SPLINE_CURVE_WITH_KNOTS('',3,(#884,#885,#886,#887,#888,#889,#890,
#891,#892,#893,#894,#895,#896,#897,#898,#899,#900,#901,#902,#903,#904,#905),
 .UNSPECIFIED.,.F.,.F.,(4,3,3,3,3,3,3,4),(7.39867191618366,7.87029661277843,
8.85408368937574,9.83787076597305,10.8216578425703,11.8054449191677,12.789231995765,
13.6818572233633),.UNSPECIFIED.);
#122=B_SPLINE_CURVE_WITH_KNOTS('',3,(#910,#911,#912,#913,#914,#915,#916,
#917,#918,#919,#920,#921,#922,#923,#924,#925,#926,#927,#928,#929,#930,#931,
#932,#933,#934),.UNSPECIFIED.,.F.,.F.,(4,3,3,3,3,3,3,3,4),(-22.9411259921462,
-22.627102761738,-21.6433156851407,-20.6595286085434,-19.6757415319461,
-18.6919544553488,-17.7081673787515,-16.7243803021542,-16.6579406849667),
 .UNSPECIFIED.);
#123=B_SPLINE_CURVE_WITH_KNOTS('',3,(#935,#936,#937,#938,#939,#940,#941,
#942,#943,#944,#945,#946,#947,#948,#949,#950,#951,#952,#953,#954,#955,#956,
#957,#958,#959),.UNSPECIFIED.,.F.,.F.,(4,3,3,3,3,3,3,3,4),(13.6818572233633,
13.7730190723623,14.7568061489596,15.7405932255569,16.7243803021542,17.7081673787515,
18.6919544553488,19.6757415319461,19.9650425305428),.UNSPECIFIED.);
#124=B_SPLINE_CURVE_WITH_KNOTS('',3,(#964,#965,#966,#967,#968,#969,#970,
#971,#972,#973,#974,#975,#976,#977,#978,#979,#980,#981,#982,#983,#984,#985),
 .UNSPECIFIED.,.F.,.F.,(4,3,3,3,3,3,3,4),(-29.2243112993258,-28.5298252213218,
-27.5460381447245,-26.5622510681272,-25.5784639915299,-24.5946769149326,
-23.6108898383353,-22.9411259921462),.UNSPECIFIED.);
#125=B_SPLINE_CURVE_WITH_KNOTS('',3,(#986,#987,#988,#989,#990,#991,#992,
#993,#994,#995,#996,#997,#998,#999,#1000,#1001,#1002,#1003,#1004,#1005,
#1006,#1007),.UNSPECIFIED.,.F.,.F.,(4,3,3,3,3,3,3,4),(19.9650425305428,
20.6595286085434,21.6433156851407,22.627102761738,23.6108898383353,24.5946769149326,
25.5784639915299,26.2482278377224),.UNSPECIFIED.);
#126=B_SPLINE_CURVE_WITH_KNOTS('',3,(#1012,#1013,#1014,#1015,#1016,#1017,
#1018,#1019,#1020,#1021,#1022,#1023,#1024,#1025,#1026,#1027,#1028,#1029,
#1030,#1031,#1032,#1033,#1034,#1035,#1036),.UNSPECIFIED.,.F.,.F.,(4,3,3,
3,3,3,3,3,4),(-35.5074966065054,-35.4163347575029,-34.4325476809056,-33.4487606043083,
-32.464973527711,-31.4811864511137,-30.4973993745164,-29.5136122979191,
-29.2243112993258),.UNSPECIFIED.);
#127=B_SPLINE_CURVE_WITH_KNOTS('',3,(#1037,#1038,#1039,#1040,#1041,#1042,
#1043,#1044,#1045,#1046,#1047,#1048,#1049,#1050,#1051,#1052,#1053,#1054,
#1055,#1056,#1057,#1058,#1059,#1060,#1061),.UNSPECIFIED.,.F.,.F.,(4,3,3,
3,3,3,3,3,4),(26.2482278377224,26.5622510681272,27.5460381447245,28.5298252213218,
29.5136122979191,30.4973993745164,31.4811864511137,32.464973527711,32.531413144902),
 .UNSPECIFIED.);
#128=B_SPLINE_CURVE_WITH_KNOTS('',3,(#1066,#1067,#1068,#1069,#1070,#1071,
#1072,#1073,#1074,#1075,#1076,#1077,#1078,#1079,#1080,#1081,#1082,#1083,
#1084,#1085,#1086,#1087),.UNSPECIFIED.,.F.,.F.,(4,3,3,3,3,3,3,4),(-41.7906819136851,
-41.3190572170868,-40.3352701404894,-39.3514830638921,-38.3676959872948,
-37.3839089106975,-36.4001218341002,-35.5074966065054),.UNSPECIFIED.);
#129=B_SPLINE_CURVE_WITH_KNOTS('',3,(#1088,#1089,#1090,#1091,#1092,#1093,
#1094,#1095,#1096,#1097,#1098,#1099,#1100,#1101,#1102,#1103,#1104,#1105,
#1106,#1107,#1108,#1109),.UNSPECIFIED.,.F.,.F.,(4,3,3,3,3,3,3,4),(32.531413144902,
33.4487606043083,34.4325476809056,35.416334757503,36.4001218341003,37.3839089106976,
38.3676959872949,38.8145984520816),.UNSPECIFIED.);
#130=B_SPLINE_CURVE_WITH_KNOTS('',3,(#1114,#1115,#1116,#1117,#1118,#1119,
#1120,#1121,#1122,#1123,#1124,#1125,#1126,#1127,#1128,#1129,#1130,#1131,
#1132,#1133,#1134,#1135),.UNSPECIFIED.,.F.,.F.,(4,3,3,3,3,3,3,4),(-48.0738672208647,
-47.2217796766706,-46.2379926000733,-45.254205523476,-44.2704184468787,
-43.2866313702814,-42.302844293684,-41.7906819136851),.UNSPECIFIED.);
#131=B_SPLINE_CURVE_WITH_KNOTS('',3,(#1136,#1137,#1138,#1139,#1140,#1141,
#1142,#1143,#1144,#1145,#1146,#1147,#1148,#1149,#1150,#1151,#1152,#1153,
#1154,#1155,#1156,#1157),.UNSPECIFIED.,.F.,.F.,(4,3,3,3,3,3,3,4),(38.8145984520816,
39.3514830638922,40.3352701404895,41.3190572170868,42.3028442936841,43.2866313702814,
44.2704184468787,45.0977837592612),.UNSPECIFIED.);
#132=B_SPLINE_CURVE_WITH_KNOTS('',3,(#1163,#1164,#1165,#1166,#1167,#1168,
#1169,#1170,#1171),.UNSPECIFIED.,.F.,.F.,(4,1,1,1,1,1,4),(53.4070751110265,
53.9192374910255,54.9030245676228,55.8868116442201,56.8705987208174,57.8543857974147,
58.7402830011849),.UNSPECIFIED.);
#133=B_SPLINE_CURVE_WITH_KNOTS('',3,(#1174,#1175,#1176,#1177,#1178,#1179,
#1180,#1181),.UNSPECIFIED.,.F.,.F.,(4,1,1,1,1,4),(53.4070751110265,53.5634968752413,
54.5472839518386,55.5310710284359,56.5148581050332,57.4986451816305),
 .UNSPECIFIED.);
#134=B_SPLINE_CURVE_WITH_KNOTS('',3,(#1186,#1187,#1188,#1189,#1190,#1191,
#1192,#1193,#1194,#1195),.UNSPECIFIED.,.F.,.F.,(4,1,1,1,1,1,1,4),(47.1238898038469,
48.0165150314417,49.000302108039,49.9840891846363,50.9678762612336,51.9516633378309,
52.9354504144282,53.4070751110265),.UNSPECIFIED.);
#135=B_SPLINE_CURVE_WITH_KNOTS('',3,(#1196,#1197,#1198,#1199,#1200,#1201,
#1202,#1203,#1204,#1205),.UNSPECIFIED.,.F.,.F.,(4,1,1,1,1,1,1,4),(47.1238898038469,
47.6607744156574,48.6445614922548,49.6283485688521,50.6121356454494,51.5959227220467,
52.579709798644,53.4070751110265),.UNSPECIFIED.);
#136=B_SPLINE_CURVE_WITH_KNOTS('',3,(#1210,#1211,#1212,#1213,#1214,#1215,
#1216,#1217,#1218,#1219,#1220),.UNSPECIFIED.,.F.,.F.,(4,1,1,1,1,1,1,1,4),
(40.8407044966673,41.1300054952605,42.1137925718578,43.0975796484552,44.0813667250524,
45.0651538016498,46.0489408782471,47.0327279548444,47.1238898038469),
 .UNSPECIFIED.);
#137=B_SPLINE_CURVE_WITH_KNOTS('',3,(#1221,#1222,#1223,#1224,#1225,#1226,
#1227,#1228,#1229,#1230),.UNSPECIFIED.,.F.,.F.,(4,1,1,1,1,1,1,4),(40.8407044966673,
41.7580519560736,42.7418390326709,43.7256261092682,44.7094131858655,45.6932002624628,
46.6769873390601,47.1238898038469),.UNSPECIFIED.);
#138=B_SPLINE_CURVE_WITH_KNOTS('',3,(#1235,#1236,#1237,#1238,#1239,#1240,
#1241,#1242,#1243,#1244),.UNSPECIFIED.,.F.,.F.,(4,1,1,1,1,1,1,4),(34.5575191894877,
35.2272830356767,36.211070112274,37.1948571888713,38.1786442654686,39.1624313420659,
40.1462184186632,40.8407044966673),.UNSPECIFIED.);
#139=B_SPLINE_CURVE_WITH_KNOTS('',3,(#1245,#1246,#1247,#1248,#1249,#1250,
#1251,#1252,#1253,#1254,#1255),.UNSPECIFIED.,.F.,.F.,(4,1,1,1,1,1,1,1,4),
(34.5575191894877,34.8715424198925,35.8553294964898,36.8391165730871,37.8229036496844,
38.8066907262817,39.790477802879,40.7742648794763,40.8407044966673),
 .UNSPECIFIED.);
#140=B_SPLINE_CURVE_WITH_KNOTS('',3,(#1260,#1261,#1262,#1263,#1264,#1265,
#1266,#1267,#1268,#1269,#1270),.UNSPECIFIED.,.F.,.F.,(4,1,1,1,1,1,1,1,4),
(28.2743338823081,28.3407734994956,29.3245605760929,30.3083476526902,31.2921347292875,
32.2759218058848,33.2597088824821,34.2434959590794,34.5575191894877),
 .UNSPECIFIED.);
#141=B_SPLINE_CURVE_WITH_KNOTS('',3,(#1271,#1272,#1273,#1274,#1275,#1276,
#1277,#1278,#1279,#1280),.UNSPECIFIED.,.F.,.F.,(4,1,1,1,1,1,1,4),(28.2743338823081,
28.9688199603087,29.952607036906,30.9363941135033,31.9201811901006,32.9039682666979,
33.8877553432952,34.5575191894877),.UNSPECIFIED.);
#142=B_SPLINE_CURVE_WITH_KNOTS('',3,(#1285,#1286,#1287,#1288,#1289,#1290,
#1291,#1292,#1293,#1294),.UNSPECIFIED.,.F.,.F.,(4,1,1,1,1,1,1,4),(21.9911485751285,
22.4380510399118,23.4218381165091,24.4056251931064,25.3894122697037,26.373199346301,
27.3569864228983,28.2743338823081),.UNSPECIFIED.);
#143=B_SPLINE_CURVE_WITH_KNOTS('',3,(#1295,#1296,#1297,#1298,#1299,#1300,
#1301,#1302,#1303,#1304,#1305),.UNSPECIFIED.,.F.,.F.,(4,1,1,1,1,1,1,1,4),
(21.9911485751285,22.0823104241275,23.0660975007248,24.0498845773221,25.0336716539195,
26.0174587305168,27.0012458071141,27.9850328837114,28.2743338823081),
 .UNSPECIFIED.);
#144=B_SPLINE_CURVE_WITH_KNOTS('',3,(#1310,#1311,#1312,#1313,#1314,#1315,
#1316,#1317,#1318,#1319),.UNSPECIFIED.,.F.,.F.,(4,1,1,1,1,1,1,4),(15.7079632679489,
16.535328580328,17.5191156569253,18.5029027335226,19.4866898101199,20.4704768867172,
21.4542639633145,21.9911485751285),.UNSPECIFIED.);
#145=B_SPLINE_CURVE_WITH_KNOTS('',3,(#1320,#1321,#1322,#1323,#1324,#1325,
#1326,#1327,#1328,#1329),.UNSPECIFIED.,.F.,.F.,(4,1,1,1,1,1,1,4),(15.7079632679489,
16.1795879645437,17.163375041141,18.1471621177383,19.1309491943356,20.1147362709329,
21.0985233475302,21.9911485751285),.UNSPECIFIED.);
#146=B_SPLINE_CURVE_WITH_KNOTS('',3,(#1543,#1544,#1545,#1546,#1547,#1548,
#1549,#1550,#1551,#1552,#1553,#1554,#1555,#1556,#1557,#1558,#1559,#1560,
#1561,#1562,#1563,#1564,#1565,#1566,#1567,#1568,#1569,#1570,#1571,#1572,
#1573,#1574,#1575,#1576,#1577,#1578,#1579,#1580,#1581,#1582,#1583,#1584,
#1585,#1586,#1587,#1588,#1589,#1590,#1591,#1592,#1593,#1594,#1595,#1596,
#1597,#1598,#1599,#1600,#1601,#1602,#1603,#1604,#1605,#1606,#1607,#1608,
#1609,#1610,#1611,#1612,#1613,#1614,#1615),.UNSPECIFIED.,.F.,.F.,(4,3,3,
3,3,3,3,3,3,3,3,3,3,3,3,3,3,3,3,3,3,3,3,3,4),(0.,0.00949337213070525,0.022223252592289,
0.0318585087658611,0.036712094911726,0.0391208147381962,0.0514351629387396,
0.0634026976992712,0.0690161385980075,0.0715645075756415,0.0741185482274633,
0.0857928696879913,0.097075952185438,0.0993053019808661,0.103331584317873,
0.105654597201901,0.117033395265389,0.128422708998555,0.135187736531292,
0.138955456119948,0.148863532199843,0.157273415617185,0.160053852998593,
0.170379735241869,0.178587760439527),.UNSPECIFIED.);
#147=B_SPLINE_CURVE_WITH_KNOTS('',3,(#1616,#1617,#1618,#1619,#1620,#1621,
#1622,#1623,#1624,#1625),.UNSPECIFIED.,.F.,.F.,(4,3,3,4),(45.0977837592612,
45.254205523476,46.2379926000733,47.1238898038434),.UNSPECIFIED.);
#148=B_SPLINE_CURVE_WITH_KNOTS('',3,(#1627,#1628,#1629,#1630,#1631,#1632,
#1633,#1634,#1635,#1636,#1637,#1638,#1639,#1640,#1641,#1642,#1643,#1644,
#1645,#1646,#1647,#1648,#1649,#1650,#1651,#1652,#1653,#1654,#1655,#1656,
#1657,#1658,#1659,#1660,#1661,#1662,#1663,#1664,#1665,#1666,#1667,#1668,
#1669,#1670,#1671,#1672,#1673,#1674,#1675,#1676,#1677,#1678,#1679,#1680,
#1681,#1682,#1683,#1684,#1685,#1686,#1687,#1688,#1689,#1690,#1691,#1692,
#1693,#1694,#1695,#1696,#1697,#1698,#1699,#1700,#1701,#1702),
 .UNSPECIFIED.,.F.,.F.,(4,3,3,3,3,3,3,3,3,3,3,3,3,3,3,3,3,3,3,3,3,3,3,3,
3,4),(-0.178587760439509,-0.171175994117495,-0.161132881683182,-0.158432057789199,
-0.155641906000295,-0.144840428198322,-0.14001327561651,-0.137362756462808,
-0.134645606779759,-0.123294408167132,-0.111864742605662,-0.108135597920312,
-0.105339087469144,-0.103040033354561,-0.0908310946429878,-0.0794772078126144,
-0.0740886621066557,-0.0715200685832641,-0.0596248025513667,-0.0474250792836182,
-0.041290518641615,-0.0377338037239373,-0.0351149755908245,-0.0224363986211093,
-0.00981663567442483,0.),.UNSPECIFIED.);
#149=B_SPLINE_CURVE_WITH_KNOTS('',3,(#1703,#1704,#1705,#1706,#1707,#1708,
#1709,#1710,#1711),.UNSPECIFIED.,.F.,.F.,(4,1,1,1,1,1,4),(10.374755377787,
11.2606525815572,12.2444396581545,13.2282267347518,14.2120138113491,15.1958008879464,
15.7079632679489),.UNSPECIFIED.);
#150=B_SPLINE_CURVE_WITH_KNOTS('',3,(#1715,#1716,#1717,#1718,#1719,#1720,
#1721,#1722),.UNSPECIFIED.,.F.,.F.,(4,1,1,1,1,4),(11.6163931973414,12.6001802739387,
13.583967350536,14.5677544271334,15.5515415037307,15.7079632679489),
 .UNSPECIFIED.);
#151=B_SPLINE_CURVE_WITH_KNOTS('',3,(#1936,#1937,#1938,#1939,#1940,#1941,
#1942,#1943,#1944,#1945,#1946,#1947,#1948,#1949,#1950,#1951,#1952,#1953,
#1954,#1955,#1956,#1957,#1958,#1959,#1960,#1961,#1962,#1963,#1964,#1965,
#1966,#1967,#1968,#1969,#1970,#1971,#1972,#1973,#1974,#1975,#1976,#1977,
#1978,#1979,#1980,#1981,#1982,#1983,#1984,#1985,#1986,#1987,#1988,#1989,
#1990,#1991,#1992,#1993,#1994,#1995,#1996,#1997,#1998,#1999,#2000,#2001,
#2002,#2003,#2004,#2005),.UNSPECIFIED.,.F.,.F.,(4,3,3,3,3,3,3,3,3,3,3,3,
3,3,3,3,3,3,3,3,3,3,3,4),(0.,0.00737939882455524,0.0177522644276087,0.0264512577802082,
0.0290797079414782,0.0314990025068687,0.0423596259304804,0.0536057722599615,
0.0585658243648107,0.0619208417659604,0.0734827441959764,0.085044412987774,
0.0873442112484048,0.0915993115188696,0.094603652051799,0.106210557023118,
0.11812041179396,0.126577278690596,0.128881650337977,0.141053009776517,
0.15146407704171,0.154256732115661,0.166969790070759,0.177567088092138),
 .UNSPECIFIED.);
#152=B_SPLINE_CURVE_WITH_KNOTS('',3,(#2006,#2007,#2008,#2009,#2010,#2011,
#2012,#2013,#2014,#2015,#2016,#2017,#2018,#2019,#2020,#2021,#2022,#2023,
#2024,#2025,#2026,#2027,#2028,#2029,#2030,#2031,#2032,#2033,#2034,#2035,
#2036,#2037,#2038,#2039,#2040,#2041,#2042,#2043,#2044,#2045,#2046,#2047,
#2048,#2049,#2050,#2051,#2052,#2053,#2054,#2055,#2056,#2057,#2058,#2059,
#2060,#2061,#2062,#2063,#2064,#2065,#2066,#2067,#2068,#2069,#2070,#2071,
#2072,#2073,#2074,#2075,#2076,#2077,#2078,#2079,#2080,#2081),
 .UNSPECIFIED.,.F.,.F.,(4,3,3,3,3,3,3,3,3,3,3,3,3,3,3,3,3,3,3,3,3,3,3,3,
3,4),(-0.177567088092158,-0.16813051258343,-0.156979064406163,-0.152900301931525,
-0.149951429881331,-0.137493208846324,-0.130171423636196,-0.127257845796935,
-0.124532862821174,-0.112587966031695,-0.100922000692277,-0.0950077199421727,
-0.0925737455009465,-0.0812525211935154,-0.0789189271653012,-0.0673065166209583,
-0.0623723871599748,-0.0599958284030455,-0.0488178363995981,-0.0377222804791374,
-0.0327137282065891,-0.0298955161176272,-0.0276820735606278,-0.0170977054382377,
-0.00689591324842237,0.),.UNSPECIFIED.);
#153=B_SPLINE_CURVE_WITH_KNOTS('',3,(#2082,#2083,#2084,#2085,#2086,#2087,
#2088),.UNSPECIFIED.,.F.,.F.,(4,3,4),(-49.1893538298652,-48.2055667532679,
-48.0738672208647),.UNSPECIFIED.);
#154=LINE('',#789,#191);
#155=LINE('',#813,#192);
#156=LINE('',#861,#193);
#157=LINE('',#909,#194);
#158=LINE('',#963,#195);
#159=LINE('',#1011,#196);
#160=LINE('',#1065,#197);
#161=LINE('',#1113,#198);
#162=LINE('',#1161,#199);
#163=LINE('',#1185,#200);
#164=LINE('',#1209,#201);
#165=LINE('',#1234,#202);
#166=LINE('',#1259,#203);
#167=LINE('',#1284,#204);
#168=LINE('',#1309,#205);
#169=LINE('',#2095,#206);
#170=LINE('',#2101,#207);
#171=LINE('',#2110,#208);
#172=LINE('',#2115,#209);
#173=LINE('',#2117,#210);
#174=LINE('',#2119,#211);
#175=LINE('',#2121,#212);
#176=LINE('',#2123,#213);
#177=LINE('',#2124,#214);
#178=LINE('',#2128,#215);
#179=LINE('',#2132,#216);
#180=LINE('',#2133,#217);
#181=LINE('',#2134,#218);
#182=LINE('',#2137,#219);
#183=LINE('',#2138,#220);
#184=LINE('',#2141,#221);
#185=LINE('',#2142,#222);
#186=LINE('',#2145,#223);
#187=LINE('',#2146,#224);
#188=LINE('',#2149,#225);
#189=LINE('',#2150,#226);
#190=LINE('',#2152,#227);
#191=VECTOR('',#662,0.825);
#192=VECTOR('',#667,0.825);
#193=VECTOR('',#670,0.825);
#194=VECTOR('',#673,0.825);
#195=VECTOR('',#676,0.825);
#196=VECTOR('',#679,0.825);
#197=VECTOR('',#682,0.825);
#198=VECTOR('',#685,0.825);
#199=VECTOR('',#688,0.739);
#200=VECTOR('',#693,0.739);
#201=VECTOR('',#696,0.739);
#202=VECTOR('',#699,0.739);
#203=VECTOR('',#702,0.739);
#204=VECTOR('',#705,0.739);
#205=VECTOR('',#708,0.739);
#206=VECTOR('',#721,1.20000000000004);
#207=VECTOR('',#728,1.25000000000002);
#208=VECTOR('',#739,1.95);
#209=VECTOR('',#744,10.);
#210=VECTOR('',#745,10.);
#211=VECTOR('',#746,10.);
#212=VECTOR('',#747,10.);
#213=VECTOR('',#748,10.);
#214=VECTOR('',#749,10.);
#215=VECTOR('',#754,2.);
#216=VECTOR('',#757,10.);
#217=VECTOR('',#758,10.);
#218=VECTOR('',#759,10.);
#219=VECTOR('',#762,10.);
#220=VECTOR('',#763,10.);
#221=VECTOR('',#766,10.);
#222=VECTOR('',#767,10.);
#223=VECTOR('',#770,10.);
#224=VECTOR('',#771,10.);
#225=VECTOR('',#774,10.);
#226=VECTOR('',#775,10.);
#227=VECTOR('',#778,10.);
#228=VERTEX_POINT('',#787);
#229=VERTEX_POINT('',#788);
#230=VERTEX_POINT('',#790);
#231=VERTEX_POINT('',#801);
#232=VERTEX_POINT('',#811);
#233=VERTEX_POINT('',#812);
#234=VERTEX_POINT('',#859);
#235=VERTEX_POINT('',#860);
#236=VERTEX_POINT('',#907);
#237=VERTEX_POINT('',#908);
#238=VERTEX_POINT('',#961);
#239=VERTEX_POINT('',#962);
#240=VERTEX_POINT('',#1009);
#241=VERTEX_POINT('',#1010);
#242=VERTEX_POINT('',#1063);
#243=VERTEX_POINT('',#1064);
#244=VERTEX_POINT('',#1111);
#245=VERTEX_POINT('',#1112);
#246=VERTEX_POINT('',#1159);
#247=VERTEX_POINT('',#1160);
#248=VERTEX_POINT('',#1162);
#249=VERTEX_POINT('',#1172);
#250=VERTEX_POINT('',#1183);
#251=VERTEX_POINT('',#1184);
#252=VERTEX_POINT('',#1207);
#253=VERTEX_POINT('',#1208);
#254=VERTEX_POINT('',#1232);
#255=VERTEX_POINT('',#1233);
#256=VERTEX_POINT('',#1257);
#257=VERTEX_POINT('',#1258);
#258=VERTEX_POINT('',#1282);
#259=VERTEX_POINT('',#1283);
#260=VERTEX_POINT('',#1307);
#261=VERTEX_POINT('',#1308);
#262=VERTEX_POINT('',#1542);
#263=VERTEX_POINT('',#1626);
#264=VERTEX_POINT('',#1713);
#265=VERTEX_POINT('',#1935);
#266=VERTEX_POINT('',#2092);
#267=VERTEX_POINT('',#2094);
#268=VERTEX_POINT('',#2096);
#269=VERTEX_POINT('',#2100);
#270=VERTEX_POINT('',#2105);
#271=VERTEX_POINT('',#2106);
#272=VERTEX_POINT('',#2109);
#273=VERTEX_POINT('',#2113);
#274=VERTEX_POINT('',#2114);
#275=VERTEX_POINT('',#2116);
#276=VERTEX_POINT('',#2118);
#277=VERTEX_POINT('',#2120);
#278=VERTEX_POINT('',#2122);
#279=VERTEX_POINT('',#2126);
#280=VERTEX_POINT('',#2130);
#281=VERTEX_POINT('',#2131);
#282=VERTEX_POINT('',#2136);
#283=VERTEX_POINT('',#2140);
#284=VERTEX_POINT('',#2144);
#285=VERTEX_POINT('',#2148);
#286=EDGE_CURVE('',#228,#229,#154,.T.);
#287=EDGE_CURVE('',#228,#230,#116,.T.);
#288=EDGE_CURVE('',#230,#231,#104,.F.);
#289=EDGE_CURVE('',#231,#229,#117,.T.);
#290=EDGE_CURVE('',#232,#233,#155,.T.);
#291=EDGE_CURVE('',#232,#228,#118,.T.);
#292=EDGE_CURVE('',#229,#233,#119,.T.);
#293=EDGE_CURVE('',#234,#235,#156,.T.);
#294=EDGE_CURVE('',#234,#232,#120,.T.);
#295=EDGE_CURVE('',#233,#235,#121,.T.);
#296=EDGE_CURVE('',#236,#237,#157,.T.);
#297=EDGE_CURVE('',#236,#234,#122,.T.);
#298=EDGE_CURVE('',#235,#237,#123,.T.);
#299=EDGE_CURVE('',#238,#239,#158,.T.);
#300=EDGE_CURVE('',#238,#236,#124,.T.);
#301=EDGE_CURVE('',#237,#239,#125,.T.);
#302=EDGE_CURVE('',#240,#241,#159,.T.);
#303=EDGE_CURVE('',#240,#238,#126,.T.);
#304=EDGE_CURVE('',#239,#241,#127,.T.);
#305=EDGE_CURVE('',#242,#243,#160,.T.);
#306=EDGE_CURVE('',#242,#240,#128,.T.);
#307=EDGE_CURVE('',#241,#243,#129,.T.);
#308=EDGE_CURVE('',#244,#245,#161,.T.);
#309=EDGE_CURVE('',#244,#242,#130,.T.);
#310=EDGE_CURVE('',#243,#245,#131,.T.);
#311=EDGE_CURVE('',#246,#247,#162,.T.);
#312=EDGE_CURVE('',#246,#248,#132,.T.);
#313=EDGE_CURVE('',#249,#248,#105,.T.);
#314=EDGE_CURVE('',#247,#249,#133,.T.);
#315=EDGE_CURVE('',#250,#251,#163,.T.);
#316=EDGE_CURVE('',#250,#246,#134,.T.);
#317=EDGE_CURVE('',#251,#247,#135,.T.);
#318=EDGE_CURVE('',#252,#253,#164,.T.);
#319=EDGE_CURVE('',#252,#250,#136,.T.);
#320=EDGE_CURVE('',#253,#251,#137,.T.);
#321=EDGE_CURVE('',#254,#255,#165,.T.);
#322=EDGE_CURVE('',#254,#252,#138,.T.);
#323=EDGE_CURVE('',#255,#253,#139,.T.);
#324=EDGE_CURVE('',#256,#257,#166,.T.);
#325=EDGE_CURVE('',#256,#254,#140,.T.);
#326=EDGE_CURVE('',#257,#255,#141,.T.);
#327=EDGE_CURVE('',#258,#259,#167,.T.);
#328=EDGE_CURVE('',#258,#256,#142,.T.);
#329=EDGE_CURVE('',#259,#257,#143,.T.);
#330=EDGE_CURVE('',#260,#261,#168,.T.);
#331=EDGE_CURVE('',#260,#258,#144,.T.);
#332=EDGE_CURVE('',#261,#259,#145,.T.);
#333=EDGE_CURVE('',#262,#249,#146,.T.);
#334=EDGE_CURVE('',#245,#262,#147,.T.);
#335=EDGE_CURVE('',#263,#231,#148,.T.);
#336=EDGE_CURVE('',#263,#261,#149,.T.);
#337=EDGE_CURVE('',#264,#263,#106,.T.);
#338=EDGE_CURVE('',#264,#260,#150,.T.);
#339=EDGE_CURVE('',#248,#265,#151,.T.);
#340=EDGE_CURVE('',#230,#264,#152,.T.);
#341=EDGE_CURVE('',#265,#244,#153,.T.);
#342=EDGE_CURVE('',#265,#262,#107,.F.);
#343=EDGE_CURVE('',#266,#266,#108,.T.);
#344=EDGE_CURVE('',#266,#267,#169,.T.);
#345=EDGE_CURVE('',#267,#268,#109,.T.);
#346=EDGE_CURVE('',#268,#267,#110,.T.);
#347=EDGE_CURVE('',#268,#269,#170,.T.);
#348=EDGE_CURVE('',#269,#269,#111,.T.);
#349=EDGE_CURVE('',#270,#271,#112,.T.);
#350=EDGE_CURVE('',#271,#270,#113,.T.);
#351=EDGE_CURVE('',#270,#272,#171,.T.);
#352=EDGE_CURVE('',#272,#272,#114,.T.);
#353=EDGE_CURVE('',#273,#274,#172,.T.);
#354=EDGE_CURVE('',#274,#275,#173,.T.);
#355=EDGE_CURVE('',#275,#276,#174,.T.);
#356=EDGE_CURVE('',#276,#277,#175,.T.);
#357=EDGE_CURVE('',#277,#278,#176,.T.);
#358=EDGE_CURVE('',#278,#273,#177,.T.);
#359=EDGE_CURVE('',#279,#279,#115,.T.);
#360=EDGE_CURVE('',#279,#271,#178,.T.);
#361=EDGE_CURVE('',#280,#281,#179,.T.);
#362=EDGE_CURVE('',#274,#280,#180,.T.);
#363=EDGE_CURVE('',#273,#281,#181,.T.);
#364=EDGE_CURVE('',#281,#282,#182,.T.);
#365=EDGE_CURVE('',#278,#282,#183,.T.);
#366=EDGE_CURVE('',#282,#283,#184,.T.);
#367=EDGE_CURVE('',#277,#283,#185,.T.);
#368=EDGE_CURVE('',#283,#284,#186,.T.);
#369=EDGE_CURVE('',#276,#284,#187,.T.);
#370=EDGE_CURVE('',#284,#285,#188,.T.);
#371=EDGE_CURVE('',#275,#285,#189,.T.);
#372=EDGE_CURVE('',#285,#280,#190,.T.);
#373=ORIENTED_EDGE('',*,*,#286,.F.);
#374=ORIENTED_EDGE('',*,*,#287,.T.);
#375=ORIENTED_EDGE('',*,*,#288,.T.);
#376=ORIENTED_EDGE('',*,*,#289,.T.);
#377=ORIENTED_EDGE('',*,*,#290,.F.);
#378=ORIENTED_EDGE('',*,*,#291,.T.);
#379=ORIENTED_EDGE('',*,*,#286,.T.);
#380=ORIENTED_EDGE('',*,*,#292,.T.);
#381=ORIENTED_EDGE('',*,*,#293,.F.);
#382=ORIENTED_EDGE('',*,*,#294,.T.);
#383=ORIENTED_EDGE('',*,*,#290,.T.);
#384=ORIENTED_EDGE('',*,*,#295,.T.);
#385=ORIENTED_EDGE('',*,*,#296,.F.);
#386=ORIENTED_EDGE('',*,*,#297,.T.);
#387=ORIENTED_EDGE('',*,*,#293,.T.);
#388=ORIENTED_EDGE('',*,*,#298,.T.);
#389=ORIENTED_EDGE('',*,*,#299,.F.);
#390=ORIENTED_EDGE('',*,*,#300,.T.);
#391=ORIENTED_EDGE('',*,*,#296,.T.);
#392=ORIENTED_EDGE('',*,*,#301,.T.);
#393=ORIENTED_EDGE('',*,*,#302,.F.);
#394=ORIENTED_EDGE('',*,*,#303,.T.);
#395=ORIENTED_EDGE('',*,*,#299,.T.);
#396=ORIENTED_EDGE('',*,*,#304,.T.);
#397=ORIENTED_EDGE('',*,*,#305,.F.);
#398=ORIENTED_EDGE('',*,*,#306,.T.);
#399=ORIENTED_EDGE('',*,*,#302,.T.);
#400=ORIENTED_EDGE('',*,*,#307,.T.);
#401=ORIENTED_EDGE('',*,*,#308,.F.);
#402=ORIENTED_EDGE('',*,*,#309,.T.);
#403=ORIENTED_EDGE('',*,*,#305,.T.);
#404=ORIENTED_EDGE('',*,*,#310,.T.);
#405=ORIENTED_EDGE('',*,*,#311,.F.);
#406=ORIENTED_EDGE('',*,*,#312,.T.);
#407=ORIENTED_EDGE('',*,*,#313,.F.);
#408=ORIENTED_EDGE('',*,*,#314,.F.);
#409=ORIENTED_EDGE('',*,*,#315,.F.);
#410=ORIENTED_EDGE('',*,*,#316,.T.);
#411=ORIENTED_EDGE('',*,*,#311,.T.);
#412=ORIENTED_EDGE('',*,*,#317,.F.);
#413=ORIENTED_EDGE('',*,*,#318,.F.);
#414=ORIENTED_EDGE('',*,*,#319,.T.);
#415=ORIENTED_EDGE('',*,*,#315,.T.);
#416=ORIENTED_EDGE('',*,*,#320,.F.);
#417=ORIENTED_EDGE('',*,*,#321,.F.);
#418=ORIENTED_EDGE('',*,*,#322,.T.);
#419=ORIENTED_EDGE('',*,*,#318,.T.);
#420=ORIENTED_EDGE('',*,*,#323,.F.);
#421=ORIENTED_EDGE('',*,*,#324,.F.);
#422=ORIENTED_EDGE('',*,*,#325,.T.);
#423=ORIENTED_EDGE('',*,*,#321,.T.);
#424=ORIENTED_EDGE('',*,*,#326,.F.);
#425=ORIENTED_EDGE('',*,*,#327,.F.);
#426=ORIENTED_EDGE('',*,*,#328,.T.);
#427=ORIENTED_EDGE('',*,*,#324,.T.);
#428=ORIENTED_EDGE('',*,*,#329,.F.);
#429=ORIENTED_EDGE('',*,*,#330,.F.);
#430=ORIENTED_EDGE('',*,*,#331,.T.);
#431=ORIENTED_EDGE('',*,*,#327,.T.);
#432=ORIENTED_EDGE('',*,*,#332,.F.);
#433=ORIENTED_EDGE('',*,*,#333,.F.);
#434=ORIENTED_EDGE('',*,*,#334,.F.);
#435=ORIENTED_EDGE('',*,*,#310,.F.);
#436=ORIENTED_EDGE('',*,*,#307,.F.);
#437=ORIENTED_EDGE('',*,*,#304,.F.);
#438=ORIENTED_EDGE('',*,*,#301,.F.);
#439=ORIENTED_EDGE('',*,*,#298,.F.);
#440=ORIENTED_EDGE('',*,*,#295,.F.);
#441=ORIENTED_EDGE('',*,*,#292,.F.);
#442=ORIENTED_EDGE('',*,*,#289,.F.);
#443=ORIENTED_EDGE('',*,*,#335,.F.);
#444=ORIENTED_EDGE('',*,*,#336,.T.);
#445=ORIENTED_EDGE('',*,*,#332,.T.);
#446=ORIENTED_EDGE('',*,*,#329,.T.);
#447=ORIENTED_EDGE('',*,*,#326,.T.);
#448=ORIENTED_EDGE('',*,*,#323,.T.);
#449=ORIENTED_EDGE('',*,*,#320,.T.);
#450=ORIENTED_EDGE('',*,*,#317,.T.);
#451=ORIENTED_EDGE('',*,*,#314,.T.);
#452=ORIENTED_EDGE('',*,*,#330,.T.);
#453=ORIENTED_EDGE('',*,*,#336,.F.);
#454=ORIENTED_EDGE('',*,*,#337,.F.);
#455=ORIENTED_EDGE('',*,*,#338,.T.);
#456=ORIENTED_EDGE('',*,*,#339,.F.);
#457=ORIENTED_EDGE('',*,*,#312,.F.);
#458=ORIENTED_EDGE('',*,*,#316,.F.);
#459=ORIENTED_EDGE('',*,*,#319,.F.);
#460=ORIENTED_EDGE('',*,*,#322,.F.);
#461=ORIENTED_EDGE('',*,*,#325,.F.);
#462=ORIENTED_EDGE('',*,*,#328,.F.);
#463=ORIENTED_EDGE('',*,*,#331,.F.);
#464=ORIENTED_EDGE('',*,*,#338,.F.);
#465=ORIENTED_EDGE('',*,*,#340,.F.);
#466=ORIENTED_EDGE('',*,*,#287,.F.);
#467=ORIENTED_EDGE('',*,*,#291,.F.);
#468=ORIENTED_EDGE('',*,*,#294,.F.);
#469=ORIENTED_EDGE('',*,*,#297,.F.);
#470=ORIENTED_EDGE('',*,*,#300,.F.);
#471=ORIENTED_EDGE('',*,*,#303,.F.);
#472=ORIENTED_EDGE('',*,*,#306,.F.);
#473=ORIENTED_EDGE('',*,*,#309,.F.);
#474=ORIENTED_EDGE('',*,*,#341,.F.);
#475=ORIENTED_EDGE('',*,*,#308,.T.);
#476=ORIENTED_EDGE('',*,*,#334,.T.);
#477=ORIENTED_EDGE('',*,*,#342,.F.);
#478=ORIENTED_EDGE('',*,*,#341,.T.);
#479=ORIENTED_EDGE('',*,*,#343,.T.);
#480=ORIENTED_EDGE('',*,*,#344,.T.);
#481=ORIENTED_EDGE('',*,*,#345,.T.);
#482=ORIENTED_EDGE('',*,*,#346,.T.);
#483=ORIENTED_EDGE('',*,*,#344,.F.);
#484=ORIENTED_EDGE('',*,*,#345,.F.);
#485=ORIENTED_EDGE('',*,*,#346,.F.);
#486=ORIENTED_EDGE('',*,*,#347,.T.);
#487=ORIENTED_EDGE('',*,*,#348,.T.);
#488=ORIENTED_EDGE('',*,*,#347,.F.);
#489=ORIENTED_EDGE('',*,*,#343,.F.);
#490=ORIENTED_EDGE('',*,*,#340,.T.);
#491=ORIENTED_EDGE('',*,*,#337,.T.);
#492=ORIENTED_EDGE('',*,*,#335,.T.);
#493=ORIENTED_EDGE('',*,*,#288,.F.);
#494=ORIENTED_EDGE('',*,*,#349,.T.);
#495=ORIENTED_EDGE('',*,*,#350,.T.);
#496=ORIENTED_EDGE('',*,*,#351,.T.);
#497=ORIENTED_EDGE('',*,*,#352,.T.);
#498=ORIENTED_EDGE('',*,*,#351,.F.);
#499=ORIENTED_EDGE('',*,*,#352,.F.);
#500=ORIENTED_EDGE('',*,*,#353,.T.);
#501=ORIENTED_EDGE('',*,*,#354,.T.);
#502=ORIENTED_EDGE('',*,*,#355,.T.);
#503=ORIENTED_EDGE('',*,*,#356,.T.);
#504=ORIENTED_EDGE('',*,*,#357,.T.);
#505=ORIENTED_EDGE('',*,*,#358,.T.);
#506=ORIENTED_EDGE('',*,*,#359,.F.);
#507=ORIENTED_EDGE('',*,*,#360,.T.);
#508=ORIENTED_EDGE('',*,*,#349,.F.);
#509=ORIENTED_EDGE('',*,*,#350,.F.);
#510=ORIENTED_EDGE('',*,*,#360,.F.);
#511=ORIENTED_EDGE('',*,*,#361,.F.);
#512=ORIENTED_EDGE('',*,*,#362,.F.);
#513=ORIENTED_EDGE('',*,*,#353,.F.);
#514=ORIENTED_EDGE('',*,*,#363,.T.);
#515=ORIENTED_EDGE('',*,*,#364,.F.);
#516=ORIENTED_EDGE('',*,*,#363,.F.);
#517=ORIENTED_EDGE('',*,*,#358,.F.);
#518=ORIENTED_EDGE('',*,*,#365,.T.);
#519=ORIENTED_EDGE('',*,*,#366,.F.);
#520=ORIENTED_EDGE('',*,*,#365,.F.);
#521=ORIENTED_EDGE('',*,*,#357,.F.);
#522=ORIENTED_EDGE('',*,*,#367,.T.);
#523=ORIENTED_EDGE('',*,*,#368,.F.);
#524=ORIENTED_EDGE('',*,*,#367,.F.);
#525=ORIENTED_EDGE('',*,*,#356,.F.);
#526=ORIENTED_EDGE('',*,*,#369,.T.);
#527=ORIENTED_EDGE('',*,*,#370,.F.);
#528=ORIENTED_EDGE('',*,*,#369,.F.);
#529=ORIENTED_EDGE('',*,*,#355,.F.);
#530=ORIENTED_EDGE('',*,*,#371,.T.);
#531=ORIENTED_EDGE('',*,*,#372,.F.);
#532=ORIENTED_EDGE('',*,*,#371,.F.);
#533=ORIENTED_EDGE('',*,*,#354,.F.);
#534=ORIENTED_EDGE('',*,*,#362,.T.);
#535=ORIENTED_EDGE('',*,*,#361,.T.);
#536=ORIENTED_EDGE('',*,*,#364,.T.);
#537=ORIENTED_EDGE('',*,*,#366,.T.);
#538=ORIENTED_EDGE('',*,*,#368,.T.);
#539=ORIENTED_EDGE('',*,*,#370,.T.);
#540=ORIENTED_EDGE('',*,*,#372,.T.);
#541=ORIENTED_EDGE('',*,*,#359,.T.);
#542=ORIENTED_EDGE('',*,*,#348,.F.);
#543=ORIENTED_EDGE('',*,*,#339,.T.);
#544=ORIENTED_EDGE('',*,*,#342,.T.);
#545=ORIENTED_EDGE('',*,*,#333,.T.);
#546=ORIENTED_EDGE('',*,*,#313,.T.);
#547=CYLINDRICAL_SURFACE('',#614,0.96675);
#548=CYLINDRICAL_SURFACE('',#616,0.96675);
#549=CYLINDRICAL_SURFACE('',#617,0.96675);
#550=CYLINDRICAL_SURFACE('',#618,0.96675);
#551=CYLINDRICAL_SURFACE('',#619,0.96675);
#552=CYLINDRICAL_SURFACE('',#620,0.96675);
#553=CYLINDRICAL_SURFACE('',#621,0.96675);
#554=CYLINDRICAL_SURFACE('',#622,0.96675);
#555=CYLINDRICAL_SURFACE('',#623,0.739);
#556=CYLINDRICAL_SURFACE('',#625,0.739);
#557=CYLINDRICAL_SURFACE('',#626,0.739);
#558=CYLINDRICAL_SURFACE('',#627,0.739);
#559=CYLINDRICAL_SURFACE('',#628,0.739);
#560=CYLINDRICAL_SURFACE('',#629,0.739);
#561=CYLINDRICAL_SURFACE('',#630,0.739);
#562=CYLINDRICAL_SURFACE('',#631,0.739);
#563=CYLINDRICAL_SURFACE('',#633,0.96675);
#564=CYLINDRICAL_SURFACE('',#639,1.25000000000002);
#565=CYLINDRICAL_SURFACE('',#647,2.);
#566=ADVANCED_FACE('',(#33),#547,.T.);
#567=ADVANCED_FACE('',(#34),#548,.T.);
#568=ADVANCED_FACE('',(#35),#549,.T.);
#569=ADVANCED_FACE('',(#36),#550,.T.);
#570=ADVANCED_FACE('',(#37),#551,.T.);
#571=ADVANCED_FACE('',(#38),#552,.T.);
#572=ADVANCED_FACE('',(#39),#553,.T.);
#573=ADVANCED_FACE('',(#40),#554,.T.);
#574=ADVANCED_FACE('',(#41),#555,.T.);
#575=ADVANCED_FACE('',(#42),#556,.T.);
#576=ADVANCED_FACE('',(#43),#557,.T.);
#577=ADVANCED_FACE('',(#44),#558,.T.);
#578=ADVANCED_FACE('',(#45),#559,.T.);
#579=ADVANCED_FACE('',(#46),#560,.T.);
#580=ADVANCED_FACE('',(#47),#561,.T.);
#581=ADVANCED_FACE('',(#48),#31,.F.);
#582=ADVANCED_FACE('',(#49),#562,.T.);
#583=ADVANCED_FACE('',(#50),#32,.F.);
#584=ADVANCED_FACE('',(#51),#563,.T.);
#585=ADVANCED_FACE('',(#52),#29,.T.);
#586=ADVANCED_FACE('',(#53),#564,.T.);
#587=ADVANCED_FACE('',(#54,#15),#18,.T.);
#588=ADVANCED_FACE('',(#55),#30,.T.);
#589=ADVANCED_FACE('',(#56,#16),#19,.T.);
#590=ADVANCED_FACE('',(#57),#565,.T.);
#591=ADVANCED_FACE('',(#58),#20,.F.);
#592=ADVANCED_FACE('',(#59),#21,.F.);
#593=ADVANCED_FACE('',(#60),#22,.F.);
#594=ADVANCED_FACE('',(#61),#23,.F.);
#595=ADVANCED_FACE('',(#62),#24,.F.);
#596=ADVANCED_FACE('',(#63),#25,.F.);
#597=ADVANCED_FACE('',(#64),#26,.T.);
#598=ADVANCED_FACE('',(#65,#17),#27,.T.);
#599=ADVANCED_FACE('',(#66),#28,.T.);
#600=CLOSED_SHELL('',(#566,#567,#568,#569,#570,#571,#572,#573,#574,#575,
#576,#577,#578,#579,#580,#581,#582,#583,#584,#585,#586,#587,#588,#589,#590,
#591,#592,#593,#594,#595,#596,#597,#598,#599));
#601=DERIVED_UNIT_ELEMENT(#603,1.);
#602=DERIVED_UNIT_ELEMENT(#2161,-3.);
#603=(
MASS_UNIT()
NAMED_UNIT(*)
SI_UNIT(.KILO.,.GRAM.)
);
#604=DERIVED_UNIT((#601,#602));
#605=MEASURE_REPRESENTATION_ITEM('density measure',
POSITIVE_RATIO_MEASURE(7850.),#604);
#606=PROPERTY_DEFINITION_REPRESENTATION(#611,#608);
#607=PROPERTY_DEFINITION_REPRESENTATION(#612,#609);
#608=REPRESENTATION('material name',(#610),#2158);
#609=REPRESENTATION('density',(#605),#2158);
#610=DESCRIPTIVE_REPRESENTATION_ITEM('Steel','Steel');
#611=PROPERTY_DEFINITION('material property','material name',#2168);
#612=PROPERTY_DEFINITION('material property','density of part',#2168);
#613=AXIS2_PLACEMENT_3D('',#785,#658,#659);
#614=AXIS2_PLACEMENT_3D('',#786,#660,#661);
#615=AXIS2_PLACEMENT_3D('',#802,#663,#664);
#616=AXIS2_PLACEMENT_3D('',#810,#665,#666);
#617=AXIS2_PLACEMENT_3D('',#858,#668,#669);
#618=AXIS2_PLACEMENT_3D('',#906,#671,#672);
#619=AXIS2_PLACEMENT_3D('',#960,#674,#675);
#620=AXIS2_PLACEMENT_3D('',#1008,#677,#678);
#621=AXIS2_PLACEMENT_3D('',#1062,#680,#681);
#622=AXIS2_PLACEMENT_3D('',#1110,#683,#684);
#623=AXIS2_PLACEMENT_3D('',#1158,#686,#687);
#624=AXIS2_PLACEMENT_3D('',#1173,#689,#690);
#625=AXIS2_PLACEMENT_3D('',#1182,#691,#692);
#626=AXIS2_PLACEMENT_3D('',#1206,#694,#695);
#627=AXIS2_PLACEMENT_3D('',#1231,#697,#698);
#628=AXIS2_PLACEMENT_3D('',#1256,#700,#701);
#629=AXIS2_PLACEMENT_3D('',#1281,#703,#704);
#630=AXIS2_PLACEMENT_3D('',#1306,#706,#707);
#631=AXIS2_PLACEMENT_3D('',#1712,#709,#710);
#632=AXIS2_PLACEMENT_3D('',#1714,#711,#712);
#633=AXIS2_PLACEMENT_3D('',#2089,#713,#714);
#634=AXIS2_PLACEMENT_3D('',#2090,#715,#716);
#635=AXIS2_PLACEMENT_3D('',#2091,#717,#718);
#636=AXIS2_PLACEMENT_3D('',#2093,#719,#720);
#637=AXIS2_PLACEMENT_3D('',#2097,#722,#723);
#638=AXIS2_PLACEMENT_3D('',#2098,#724,#725);
#639=AXIS2_PLACEMENT_3D('',#2099,#726,#727);
#640=AXIS2_PLACEMENT_3D('',#2102,#729,#730);
#641=AXIS2_PLACEMENT_3D('',#2103,#731,#732);
#642=AXIS2_PLACEMENT_3D('',#2104,#733,#734);
#643=AXIS2_PLACEMENT_3D('',#2107,#735,#736);
#644=AXIS2_PLACEMENT_3D('',#2108,#737,#738);
#645=AXIS2_PLACEMENT_3D('',#2111,#740,#741);
#646=AXIS2_PLACEMENT_3D('',#2112,#742,#743);
#647=AXIS2_PLACEMENT_3D('',#2125,#750,#751);
#648=AXIS2_PLACEMENT_3D('',#2127,#752,#753);
#649=AXIS2_PLACEMENT_3D('',#2129,#755,#756);
#650=AXIS2_PLACEMENT_3D('',#2135,#760,#761);
#651=AXIS2_PLACEMENT_3D('',#2139,#764,#765);
#652=AXIS2_PLACEMENT_3D('',#2143,#768,#769);
#653=AXIS2_PLACEMENT_3D('',#2147,#772,#773);
#654=AXIS2_PLACEMENT_3D('',#2151,#776,#777);
#655=AXIS2_PLACEMENT_3D('',#2153,#779,#780);
#656=AXIS2_PLACEMENT_3D('',#2154,#781,#782);
#657=AXIS2_PLACEMENT_3D('',#2155,#783,#784);
#658=DIRECTION('axis',(0.,0.,1.));
#659=DIRECTION('refdir',(1.,0.,0.));
#660=DIRECTION('center_axis',(0.,0.,-1.));
#661=DIRECTION('ref_axis',(0.,1.,0.));
#662=DIRECTION('',(0.,0.,1.));
#663=DIRECTION('center_axis',(0.,0.,1.));
#664=DIRECTION('ref_axis',(0.,1.,0.));
#665=DIRECTION('center_axis',(0.,0.,-1.));
#666=DIRECTION('ref_axis',(0.,1.,0.));
#667=DIRECTION('',(0.,0.,1.));
#668=DIRECTION('center_axis',(0.,0.,-1.));
#669=DIRECTION('ref_axis',(0.,1.,0.));
#670=DIRECTION('',(0.,0.,1.));
#671=DIRECTION('center_axis',(0.,0.,-1.));
#672=DIRECTION('ref_axis',(0.,1.,0.));
#673=DIRECTION('',(0.,0.,1.));
#674=DIRECTION('center_axis',(0.,0.,-1.));
#675=DIRECTION('ref_axis',(0.,1.,0.));
#676=DIRECTION('',(0.,0.,1.));
#677=DIRECTION('center_axis',(0.,0.,-1.));
#678=DIRECTION('ref_axis',(0.,1.,0.));
#679=DIRECTION('',(0.,0.,1.));
#680=DIRECTION('center_axis',(0.,0.,-1.));
#681=DIRECTION('ref_axis',(0.,1.,0.));
#682=DIRECTION('',(0.,0.,1.));
#683=DIRECTION('center_axis',(0.,0.,-1.));
#684=DIRECTION('ref_axis',(0.,1.,0.));
#685=DIRECTION('',(0.,0.,1.));
#686=DIRECTION('center_axis',(0.,0.,-1.));
#687=DIRECTION('ref_axis',(-0.457161367547405,0.889383766448537,0.));
#688=DIRECTION('',(0.,0.,-1.));
#689=DIRECTION('center_axis',(0.,0.,-1.));
#690=DIRECTION('ref_axis',(2.82060908694147E-14,1.,0.));
#691=DIRECTION('center_axis',(0.,0.,-1.));
#692=DIRECTION('ref_axis',(2.82060908694147E-14,1.,0.));
#693=DIRECTION('',(0.,0.,-1.));
#694=DIRECTION('center_axis',(0.,0.,-1.));
#695=DIRECTION('ref_axis',(2.82060908694147E-14,1.,0.));
#696=DIRECTION('',(0.,0.,-1.));
#697=DIRECTION('center_axis',(0.,0.,-1.));
#698=DIRECTION('ref_axis',(2.82060908694147E-14,1.,0.));
#699=DIRECTION('',(0.,0.,-1.));
#700=DIRECTION('center_axis',(0.,0.,-1.));
#701=DIRECTION('ref_axis',(2.82060908694147E-14,1.,0.));
#702=DIRECTION('',(0.,0.,-1.));
#703=DIRECTION('center_axis',(0.,0.,-1.));
#704=DIRECTION('ref_axis',(2.82060908694147E-14,1.,0.));
#705=DIRECTION('',(0.,0.,-1.));
#706=DIRECTION('center_axis',(0.,0.,-1.));
#707=DIRECTION('ref_axis',(2.82060908694147E-14,1.,0.));
#708=DIRECTION('',(0.,0.,-1.));
#709=DIRECTION('center_axis',(0.,0.,-1.));
#710=DIRECTION('ref_axis',(0.457161312696332,0.889383794643104,0.));
#711=DIRECTION('center_axis',(0.,0.,1.));
#712=DIRECTION('ref_axis',(2.82060908694147E-14,1.,0.));
#713=DIRECTION('center_axis',(0.,0.,-1.));
#714=DIRECTION('ref_axis',(0.,1.,0.));
#715=DIRECTION('center_axis',(0.,0.,1.));
#716=DIRECTION('ref_axis',(0.,1.,0.));
#717=DIRECTION('center_axis',(0.,0.,1.));
#718=DIRECTION('ref_axis',(0.,-1.,0.));
#719=DIRECTION('center_axis',(0.,0.,1.));
#720=DIRECTION('ref_axis',(0.,-1.,0.));
#721=DIRECTION('',(8.65956056235385E-17,0.707106781186459,0.707106781186636));
#722=DIRECTION('center_axis',(0.,0.,-1.));
#723=DIRECTION('ref_axis',(0.,-1.,0.));
#724=DIRECTION('center_axis',(0.,0.,-1.));
#725=DIRECTION('ref_axis',(0.,-1.,0.));
#726=DIRECTION('center_axis',(0.,0.,-1.));
#727=DIRECTION('ref_axis',(0.,1.,0.));
#728=DIRECTION('',(0.,0.,1.));
#729=DIRECTION('center_axis',(0.,0.,-1.));
#730=DIRECTION('ref_axis',(1.,0.,0.));
#731=DIRECTION('center_axis',(0.,0.,-1.));
#732=DIRECTION('ref_axis',(-1.,0.,0.));
#733=DIRECTION('center_axis',(0.,0.,-1.));
#734=DIRECTION('ref_axis',(0.,-1.,0.));
#735=DIRECTION('center_axis',(0.,0.,1.));
#736=DIRECTION('ref_axis',(0.,-1.,0.));
#737=DIRECTION('center_axis',(0.,0.,1.));
#738=DIRECTION('ref_axis',(0.,-1.,0.));
#739=DIRECTION('',(-8.65956056235484E-17,-0.70710678118654,0.707106781186555));
#740=DIRECTION('center_axis',(0.,0.,-1.));
#741=DIRECTION('ref_axis',(0.,-1.,0.));
#742=DIRECTION('center_axis',(0.,0.,1.));
#743=DIRECTION('ref_axis',(1.,0.,0.));
#744=DIRECTION('',(0.866025403784439,-0.5,0.));
#745=DIRECTION('',(0.,-1.,0.));
#746=DIRECTION('',(-0.86602540378444,-0.499999999999997,0.));
#747=DIRECTION('',(-0.86602540378444,0.499999999999998,0.));
#748=DIRECTION('',(3.20493781063927E-15,1.,0.));
#749=DIRECTION('',(0.866025403784439,0.5,0.));
#750=DIRECTION('center_axis',(0.,0.,-1.));
#751=DIRECTION('ref_axis',(0.,1.,0.));
#752=DIRECTION('center_axis',(0.,0.,-1.));
#753=DIRECTION('ref_axis',(1.,0.,0.));
#754=DIRECTION('',(0.,0.,1.));
#755=DIRECTION('center_axis',(0.498097349045873,0.862729915662821,-0.0871557427476581));
#756=DIRECTION('ref_axis',(0.866025403784439,-0.5,0.));
#757=DIRECTION('',(-0.866025403784439,0.5,0.));
#758=DIRECTION('',(-0.087045610883209,-0.0502558068751961,-0.994935885120892));
#759=DIRECTION('',(3.21311485462157E-17,-0.100511613750392,-0.994935885120892));
#760=DIRECTION('center_axis',(-0.498097349045873,0.862729915662821,-0.0871557427476581));
#761=DIRECTION('ref_axis',(0.866025403784439,0.5,0.));
#762=DIRECTION('',(-0.866025403784439,-0.5,0.));
#763=DIRECTION('',(0.0870456108832089,-0.0502558068751962,-0.994935885120892));
#764=DIRECTION('center_axis',(-0.996194698091746,3.19274205467261E-15,-0.0871557427476581));
#765=DIRECTION('ref_axis',(3.20493781063927E-15,1.,0.));
#766=DIRECTION('',(-3.20493781063927E-15,-1.,0.));
#767=DIRECTION('',(0.0870456108832092,0.0502558068751962,-0.994935885120891));
#768=DIRECTION('center_axis',(-0.498097349045871,-0.862729915662822,-0.0871557427476581));
#769=DIRECTION('ref_axis',(-0.86602540378444,0.499999999999998,0.));
#770=DIRECTION('',(0.86602540378444,-0.499999999999998,0.));
#771=DIRECTION('',(0.,0.100511613750392,-0.994935885120891));
#772=DIRECTION('center_axis',(0.49809734904587,-0.862729915662823,-0.0871557427476581));
#773=DIRECTION('ref_axis',(-0.86602540378444,-0.499999999999997,0.));
#774=DIRECTION('',(0.86602540378444,0.499999999999997,0.));
#775=DIRECTION('',(-0.087045610883209,0.0502558068751964,-0.994935885120891));
#776=DIRECTION('center_axis',(0.996194698091746,0.,-0.0871557427476581));
#777=DIRECTION('ref_axis',(0.,-1.,0.));
#778=DIRECTION('',(0.,1.,0.));
#779=DIRECTION('center_axis',(0.,0.,1.));
#780=DIRECTION('ref_axis',(1.,0.,0.));
#781=DIRECTION('center_axis',(0.,0.,-1.));
#782=DIRECTION('ref_axis',(-1.,0.,0.));
#783=DIRECTION('center_axis',(0.,0.,-1.));
#784=DIRECTION('ref_axis',(-1.,0.,0.));
#785=CARTESIAN_POINT('',(0.,0.,0.));
#786=CARTESIAN_POINT('Origin',(0.,0.,-21.5));
#787=CARTESIAN_POINT('',(0.000771383089149969,-0.967407649380813,-20.1289859168897));
#788=CARTESIAN_POINT('',(0.000983181817128118,-0.96747249059756,-20.0710140831103));
#789=CARTESIAN_POINT('',(-1.1839272930757E-16,-0.96675,-21.5));
#790=CARTESIAN_POINT('',(0.868262223680464,0.42511912851512,-20.));
#791=CARTESIAN_POINT('Ctrl Pts',(0.000771383089149969,-0.967407649380813,
-20.1289859168897));
#792=CARTESIAN_POINT('Ctrl Pts',(0.0510737965796898,-0.967825112923991,
-20.1256665439587));
#793=CARTESIAN_POINT('Ctrl Pts',(0.101313891782597,-0.964230801682451,-20.1223471710277));
#794=CARTESIAN_POINT('Ctrl Pts',(0.150884436411467,-0.956413475566543,-20.1190277980967));
#795=CARTESIAN_POINT('Ctrl Pts',(0.462649627332787,-0.90724778276919,-20.098151187938));
#796=CARTESIAN_POINT('Ctrl Pts',(0.747930350259044,-0.691038245011038,-20.0772745777792));
#797=CARTESIAN_POINT('Ctrl Pts',(0.879774938363571,-0.404170621630287,-20.0563979676205));
#798=CARTESIAN_POINT('Ctrl Pts',(0.998500580031908,-0.145847218679924,-20.0375986450804));
#799=CARTESIAN_POINT('Ctrl Pts',(0.992805680780487,0.16977244791611,-20.0187993225402));
#800=CARTESIAN_POINT('Ctrl Pts',(0.869257062258494,0.426119276895531,-20.));
#801=CARTESIAN_POINT('',(0.868262223680482,-0.425119128515084,-20.));
#802=CARTESIAN_POINT('Origin',(0.,0.,-20.));
#803=CARTESIAN_POINT('Ctrl Pts',(0.868262223680481,-0.425119128515086,-20.));
#804=CARTESIAN_POINT('Ctrl Pts',(0.728853322131332,-0.709847513433248,-20.0208766101587));
#805=CARTESIAN_POINT('Ctrl Pts',(0.439794612900278,-0.918429322203077,-20.0417532203174));
#806=CARTESIAN_POINT('Ctrl Pts',(0.127355916670257,-0.959740786790632,-20.0626298304762));
#807=CARTESIAN_POINT('Ctrl Pts',(0.0855297622328602,-0.965271150726737,
-20.0654245813542));
#808=CARTESIAN_POINT('Ctrl Pts',(0.0432846111895591,-0.967803835216577,
-20.0682193322323));
#809=CARTESIAN_POINT('Ctrl Pts',(0.000983181817128118,-0.96747249059756,
-20.0710140831103));
#810=CARTESIAN_POINT('Origin',(0.,0.,-21.5));
#811=CARTESIAN_POINT('',(-0.000221864448587059,-0.965316032143587,-20.5289859168897));
#812=CARTESIAN_POINT('',(-9.68552213134843E-5,-0.965273506664402,-20.4710140831103));
#813=CARTESIAN_POINT('',(-1.1839272930757E-16,-0.96675,-21.5));
#814=CARTESIAN_POINT('Ctrl Pts',(-0.000221864448587059,-0.965316032143587,
-20.5289859168897));
#815=CARTESIAN_POINT('Ctrl Pts',(0.173396232084791,-0.964948649101732,-20.5175928715777));
#816=CARTESIAN_POINT('Ctrl Pts',(0.347191074669459,-0.920126958532215,-20.5061998262656));
#817=CARTESIAN_POINT('Ctrl Pts',(0.49522096080085,-0.832019005762911,-20.4948067809536));
#818=CARTESIAN_POINT('Ctrl Pts',(0.766470845267015,-0.670570040058707,-20.4739301707949));
#819=CARTESIAN_POINT('Ctrl Pts',(0.951210049598758,-0.363779319550017,-20.4530535606362));
#820=CARTESIAN_POINT('Ctrl Pts',(0.967027461378438,-0.0485130060126614,
-20.4321769504775));
#821=CARTESIAN_POINT('Ctrl Pts',(0.982844873158117,0.266753307524694,-20.4113003403187));
#822=CARTESIAN_POINT('Ctrl Pts',(0.829740492385732,0.590495214090713,-20.39042373016));
#823=CARTESIAN_POINT('Ctrl Pts',(0.576006695820962,0.778280242656659,-20.3695471200013));
#824=CARTESIAN_POINT('Ctrl Pts',(0.322272899256192,0.966065271222606,-20.3486705098426));
#825=CARTESIAN_POINT('Ctrl Pts',(-0.0320903131009645,1.01789342178848,-20.3277938996839));
#826=CARTESIAN_POINT('Ctrl Pts',(-0.328969667262548,0.910647812493569,-20.3069172895251));
#827=CARTESIAN_POINT('Ctrl Pts',(-0.625849021424129,0.803402203198659,-20.2860406793664));
#828=CARTESIAN_POINT('Ctrl Pts',(-0.865244517390139,0.537082834042967,-20.2651640692077));
#829=CARTESIAN_POINT('Ctrl Pts',(-0.940398941870889,0.230492094644408,-20.244287459049));
#830=CARTESIAN_POINT('Ctrl Pts',(-1.01555336635164,-0.0760986447541512,
-20.2234108488903));
#831=CARTESIAN_POINT('Ctrl Pts',(-0.92646671934713,-0.422960754395579,-20.2025342387316));
#832=CARTESIAN_POINT('Ctrl Pts',(-0.712798566386683,-0.655330885298015,
-20.1816576285728));
#833=CARTESIAN_POINT('Ctrl Pts',(-0.53310356700632,-0.850754255369725,-20.1641003913451));
#834=CARTESIAN_POINT('Ctrl Pts',(-0.265294354367512,-0.965199549654191,
-20.1465431541174));
#835=CARTESIAN_POINT('Ctrl Pts',(0.000771383089149969,-0.967407649380813,
-20.1289859168897));
#836=CARTESIAN_POINT('Ctrl Pts',(0.000983181817128118,-0.96747249059756,
-20.0710140831103));
#837=CARTESIAN_POINT('Ctrl Pts',(-0.272704358381394,-0.965328712122883,
-20.089095942391));
#838=CARTESIAN_POINT('Ctrl Pts',(-0.548747713471099,-0.843296469869396,
-20.1071778016716));
#839=CARTESIAN_POINT('Ctrl Pts',(-0.728911172864017,-0.637572549900219,
-20.1252596609523));
#840=CARTESIAN_POINT('Ctrl Pts',(-0.93692088293928,-0.400051728016971,-20.146136271111));
#841=CARTESIAN_POINT('Ctrl Pts',(-1.01712161986082,-0.0509689638451955,
-20.1670128812697));
#842=CARTESIAN_POINT('Ctrl Pts',(-0.934341542811339,0.253700535609249,-20.1878894914285));
#843=CARTESIAN_POINT('Ctrl Pts',(-0.851561465761861,0.558370035063693,-20.2087661015872));
#844=CARTESIAN_POINT('Ctrl Pts',(-0.60580057474137,0.818626269800806,-20.2296427117459));
#845=CARTESIAN_POINT('Ctrl Pts',(-0.306396011931067,0.918484832921649,-20.2505193219046));
#846=CARTESIAN_POINT('Ctrl Pts',(-0.0069914491207625,1.01834339604249,-20.2713959320633));
#847=CARTESIAN_POINT('Ctrl Pts',(0.346056785479355,0.957804287547066,-20.2922725422221));
#848=CARTESIAN_POINT('Ctrl Pts',(0.595089114842968,0.76381239199835,-20.3131491523808));
#849=CARTESIAN_POINT('Ctrl Pts',(0.84412144420658,0.569820496449636,-20.3340257625395));
#850=CARTESIAN_POINT('Ctrl Pts',(0.989137868333688,0.242375813847633,-20.3549023726982));
#851=CARTESIAN_POINT('Ctrl Pts',(0.965522699818397,-0.0724072908518025,
-20.3757789828569));
#852=CARTESIAN_POINT('Ctrl Pts',(0.941907531303105,-0.387190395551238,-20.3966555930156));
#853=CARTESIAN_POINT('Ctrl Pts',(0.749660770145411,-0.689311922348108,-20.4175322031744));
#854=CARTESIAN_POINT('Ctrl Pts',(0.474507579604935,-0.844004218889282,-20.4384088133331));
#855=CARTESIAN_POINT('Ctrl Pts',(0.33126203767332,-0.924537473136344,-20.4492772365922));
#856=CARTESIAN_POINT('Ctrl Pts',(0.165546585641944,-0.965113373356884,-20.4601456598512));
#857=CARTESIAN_POINT('Ctrl Pts',(-9.68552213134843E-5,-0.965273506664402,
-20.4710140831103));
#858=CARTESIAN_POINT('Origin',(0.,0.,-21.5));
#859=CARTESIAN_POINT('',(-0.000360454054763315,-0.968066129482371,-20.9289859168897));
#860=CARTESIAN_POINT('',(-0.000477822623959246,-0.967924022829975,-20.8710140831103));
#861=CARTESIAN_POINT('',(-1.1839272930757E-16,-0.96675,-21.5));
#862=CARTESIAN_POINT('Ctrl Pts',(-0.000360454054763315,-0.968066129482371,
-20.9289859168897));
#863=CARTESIAN_POINT('Ctrl Pts',(0.29412984622743,-0.966632694795612,-20.9095191991966));
#864=CARTESIAN_POINT('Ctrl Pts',(0.589838626835649,-0.822330756489064,-20.8900524815036));
#865=CARTESIAN_POINT('Ctrl Pts',(0.768778871954522,-0.588623776925992,-20.8705857638105));
#866=CARTESIAN_POINT('Ctrl Pts',(0.960679006222458,-0.337990384042721,-20.8497091536518));
#867=CARTESIAN_POINT('Ctrl Pts',(1.01828398861864,0.0154674858567997,-20.8288325434931));
#868=CARTESIAN_POINT('Ctrl Pts',(0.915894816345581,0.314062901146253,-20.8079559333344));
#869=CARTESIAN_POINT('Ctrl Pts',(0.813505644072522,0.612658316435706,-20.7870793231757));
#870=CARTESIAN_POINT('Ctrl Pts',(0.551122317130223,0.856391277115092,-20.7662027130169));
#871=CARTESIAN_POINT('Ctrl Pts',(0.245800799155548,0.936525978023375,-20.7453261028582));
#872=CARTESIAN_POINT('Ctrl Pts',(-0.0595207188191296,1.01666067893166,-20.7244494926995));
#873=CARTESIAN_POINT('Ctrl Pts',(-0.407780427826184,0.933197120068837,-20.7035728825408));
#874=CARTESIAN_POINT('Ctrl Pts',(-0.643609987688686,0.723370709539179,-20.6826962723821));
#875=CARTESIAN_POINT('Ctrl Pts',(-0.879439547551185,0.513544299009525,-20.6618196622234));
#876=CARTESIAN_POINT('Ctrl Pts',(-1.00283895826913,0.177355036813041,-20.6409430520646));
#877=CARTESIAN_POINT('Ctrl Pts',(-0.958757277608013,-0.135214288932385,
-20.6200664419059));
#878=CARTESIAN_POINT('Ctrl Pts',(-0.91467559694689,-0.447783614677813,-20.5991898317472));
#879=CARTESIAN_POINT('Ctrl Pts',(-0.70311282490669,-0.736733003972183,-20.5783132215885));
#880=CARTESIAN_POINT('Ctrl Pts',(-0.418451156586296,-0.873154093169508,
-20.5574366114298));
#881=CARTESIAN_POINT('Ctrl Pts',(-0.289138621152614,-0.935125756002858,
-20.5479530465831));
#882=CARTESIAN_POINT('Ctrl Pts',(-0.144741475486732,-0.965621841591858,
-20.5384694817364));
#883=CARTESIAN_POINT('Ctrl Pts',(-0.000221864448587059,-0.965316032143587,
-20.5289859168897));
#884=CARTESIAN_POINT('Ctrl Pts',(-9.68552213134843E-5,-0.965273506664402,
-20.4710140831103));
#885=CARTESIAN_POINT('Ctrl Pts',(-0.152629607704348,-0.965420965410928,
-20.48102227001));
#886=CARTESIAN_POINT('Ctrl Pts',(-0.305101297265226,-0.931297284092169,
-20.4910304569096));
#887=CARTESIAN_POINT('Ctrl Pts',(-0.439910106145838,-0.862544511848913,
-20.5010386438092));
#888=CARTESIAN_POINT('Ctrl Pts',(-0.72111498143288,-0.71912944198189,-20.521915253968));
#889=CARTESIAN_POINT('Ctrl Pts',(-0.925465112083706,-0.425036235962363,
-20.5427918641267));
#890=CARTESIAN_POINT('Ctrl Pts',(-0.961805426618807,-0.11147215891499,-20.5636684742854));
#891=CARTESIAN_POINT('Ctrl Pts',(-0.998145741153907,0.202091918132384,-20.5845450844441));
#892=CARTESIAN_POINT('Ctrl Pts',(-0.866476239573281,0.535126866207602,-20.6054216946028));
#893=CARTESIAN_POINT('Ctrl Pts',(-0.625532540002377,0.7390592383806,-20.6262983047615));
#894=CARTESIAN_POINT('Ctrl Pts',(-0.384588840431474,0.942991610553597,-20.6471749149203));
#895=CARTESIAN_POINT('Ctrl Pts',(-0.0343709428702926,1.01782140682437,-20.668051525079));
#896=CARTESIAN_POINT('Ctrl Pts',(0.26887672175885,0.930163878470049,-20.6889281352377));
#897=CARTESIAN_POINT('Ctrl Pts',(0.572124386387993,0.842506350115724,-20.7098047453964));
#898=CARTESIAN_POINT('Ctrl Pts',(0.828401818085097,0.592361497136297,-20.7306813555551));
#899=CARTESIAN_POINT('Ctrl Pts',(0.923378339492918,0.291326203201516,-20.7515579657138));
#900=CARTESIAN_POINT('Ctrl Pts',(1.01835486090074,-0.00970909073326545,
-20.7724345758726));
#901=CARTESIAN_POINT('Ctrl Pts',(0.952030472019279,-0.361634825623401,-20.7933111860313));
#902=CARTESIAN_POINT('Ctrl Pts',(0.753993472868836,-0.607447886162396,-20.81418779619));
#903=CARTESIAN_POINT('Ctrl Pts',(0.57430741513878,-0.83048287445394,-20.8331298918301));
#904=CARTESIAN_POINT('Ctrl Pts',(0.286187865451565,-0.966159729023062,-20.8520719874702));
#905=CARTESIAN_POINT('Ctrl Pts',(-0.000477822623959246,-0.967924022829975,
-20.8710140831103));
#906=CARTESIAN_POINT('Origin',(0.,0.,-21.5));
#907=CARTESIAN_POINT('',(0.000728634429493953,-0.966014205189378,-21.3289859168897));
#908=CARTESIAN_POINT('',(0.000778272413905108,-0.966215018309405,-21.2710140831103));
#909=CARTESIAN_POINT('',(-1.1839272930757E-16,-0.96675,-21.5));
#910=CARTESIAN_POINT('Ctrl Pts',(0.000728634429493953,-0.966014205189378,
-21.3289859168897));
#911=CARTESIAN_POINT('Ctrl Pts',(0.102092506352921,-0.966752575955408,-21.3223221369743));
#912=CARTESIAN_POINT('Ctrl Pts',(0.203247295566788,-0.952019843688698,-21.315658357059));
#913=CARTESIAN_POINT('Ctrl Pts',(0.299078968557381,-0.920896657728863,-21.3089945771436));
#914=CARTESIAN_POINT('Ctrl Pts',(0.599305041941437,-0.823392444139266,-21.2881179669849));
#915=CARTESIAN_POINT('Ctrl Pts',(0.847286128854964,-0.565020236028118,-21.2672413568262));
#916=CARTESIAN_POINT('Ctrl Pts',(0.932391269685649,-0.261046747655332,-21.2463647466675));
#917=CARTESIAN_POINT('Ctrl Pts',(1.01749641051633,0.0429267407174551,-21.2254881365087));
#918=CARTESIAN_POINT('Ctrl Pts',(0.939725605264178,0.392501509351882,-21.20461152635));
#919=CARTESIAN_POINT('Ctrl Pts',(0.733774480765988,0.631722956693206,-21.1837349161913));
#920=CARTESIAN_POINT('Ctrl Pts',(0.527823356267796,0.870944404034533,-21.1628583060326));
#921=CARTESIAN_POINT('Ctrl Pts',(0.19369191252357,0.999812530082756,-21.1419816958739));
#922=CARTESIAN_POINT('Ctrl Pts',(-0.119554930521688,0.960835835356204,-21.1211050857152));
#923=CARTESIAN_POINT('Ctrl Pts',(-0.432801773566945,0.921859140629651,-21.1002284755564));
#924=CARTESIAN_POINT('Ctrl Pts',(-0.725164015913233,0.715037625128323,-21.0793518653977));
#925=CARTESIAN_POINT('Ctrl Pts',(-0.866211077295296,0.432639869578485,-21.058475255239));
#926=CARTESIAN_POINT('Ctrl Pts',(-1.00725813867736,0.150242114028647,-21.0375986450803));
#927=CARTESIAN_POINT('Ctrl Pts',(-0.996990019095198,-0.207731881569702,
-21.0167220349216));
#928=CARTESIAN_POINT('Ctrl Pts',(-0.839987615150746,-0.481580400098085,
-20.9958454247628));
#929=CARTESIAN_POINT('Ctrl Pts',(-0.682985211206293,-0.75542891862647,-20.9749688146041));
#930=CARTESIAN_POINT('Ctrl Pts',(-0.379248522899544,-0.945151960084888,
-20.9540922044454));
#931=CARTESIAN_POINT('Ctrl Pts',(-0.0642825356763238,-0.966109022880586,
-20.9332155942867));
#932=CARTESIAN_POINT('Ctrl Pts',(-0.0430114495683862,-0.967524348678863,
-20.931805701821));
#933=CARTESIAN_POINT('Ctrl Pts',(-0.0216891475781015,-0.968169947126247,
-20.9303958093553));
#934=CARTESIAN_POINT('Ctrl Pts',(-0.000360454054763315,-0.968066129482371,
-20.9289859168897));
#935=CARTESIAN_POINT('Ctrl Pts',(-0.000477822623959246,-0.967924022829975,
-20.8710140831103));
#936=CARTESIAN_POINT('Ctrl Pts',(-0.0297543581301897,-0.968104206271628,
-20.8729485976289));
#937=CARTESIAN_POINT('Ctrl Pts',(-0.0590157297331219,-0.966887670035494,
-20.8748831121476));
#938=CARTESIAN_POINT('Ctrl Pts',(-0.0881448852222844,-0.964224824260543,
-20.8768176266662));
#939=CARTESIAN_POINT('Ctrl Pts',(-0.402496634743537,-0.935488315631845,
-20.8976942368249));
#940=CARTESIAN_POINT('Ctrl Pts',(-0.701450524366619,-0.738314912186598,
-20.9185708469836));
#941=CARTESIAN_POINT('Ctrl Pts',(-0.851635478254387,-0.460668997267375,
-20.9394474571423));
#942=CARTESIAN_POINT('Ctrl Pts',(-1.00182043214215,-0.183023082348151,-20.960324067301));
#943=CARTESIAN_POINT('Ctrl Pts',(-1.00323645029461,0.175095344045048,-20.9812006774598));
#944=CARTESIAN_POINT('Ctrl Pts',(-0.855251703319005,0.453920170126163,-21.0020772876185));
#945=CARTESIAN_POINT('Ctrl Pts',(-0.707266956343402,0.732744996207278,-21.0229538977772));
#946=CARTESIAN_POINT('Ctrl Pts',(-0.40988144423974,0.932276221976308,-21.0438305079359));
#947=CARTESIAN_POINT('Ctrl Pts',(-0.0957668082607853,0.963497638364282,
-21.0647071180946));
#948=CARTESIAN_POINT('Ctrl Pts',(0.21834782771817,0.994719054752257,-21.0855837282533));
#949=CARTESIAN_POINT('Ctrl Pts',(0.549191587572421,0.857630661759176,-21.1064603384121));
#950=CARTESIAN_POINT('Ctrl Pts',(0.74916629867424,0.613391249155195,-21.1273369485708));
#951=CARTESIAN_POINT('Ctrl Pts',(0.949141009776059,0.369151836551216,-21.1482135587295));
#952=CARTESIAN_POINT('Ctrl Pts',(1.01824667212545,0.0177614043363375,-21.1690901688882));
#953=CARTESIAN_POINT('Ctrl Pts',(0.925653397196783,-0.284015435572992,-21.1899667790469));
#954=CARTESIAN_POINT('Ctrl Pts',(0.833060122268118,-0.585792275482322,-21.2108433892056));
#955=CARTESIAN_POINT('Ctrl Pts',(0.5787679100614,-0.837955523086103,-21.2317199993644));
#956=CARTESIAN_POINT('Ctrl Pts',(0.27622328741315,-0.928008443726555,-21.2525966095231));
#957=CARTESIAN_POINT('Ctrl Pts',(0.187254379877839,-0.954490190120243,-21.2587357673855));
#958=CARTESIAN_POINT('Ctrl Pts',(0.0941127772373761,-0.96695321782973,-21.2648749252479));
#959=CARTESIAN_POINT('Ctrl Pts',(0.000778272413905108,-0.966215018309405,
-21.2710140831103));
#960=CARTESIAN_POINT('Origin',(0.,0.,-21.5));
#961=CARTESIAN_POINT('',(-0.000778272371239688,-0.966214970788092,-21.7289859168897));
#962=CARTESIAN_POINT('',(-0.00072863446596302,-0.966014252701883,-21.6710140831103));
#963=CARTESIAN_POINT('',(-1.1839272930757E-16,-0.96675,-21.5));
#964=CARTESIAN_POINT('Ctrl Pts',(-0.000778272371239688,-0.966214970788092,
-21.7289859168897));
#965=CARTESIAN_POINT('Ctrl Pts',(0.223277335190664,-0.964442874365947,-21.7142484645933));
#966=CARTESIAN_POINT('Ctrl Pts',(0.448444583205903,-0.886595857318531,-21.6995110122969));
#967=CARTESIAN_POINT('Ctrl Pts',(0.619667898548461,-0.743982915223955,-21.6847735600005));
#968=CARTESIAN_POINT('Ctrl Pts',(0.862217447317356,-0.541961918933586,-21.6638969498418));
#969=CARTESIAN_POINT('Ctrl Pts',(0.996519529026746,-0.209977329134744,-21.6430203396831));
#970=CARTESIAN_POINT('Ctrl Pts',(0.962658410940675,0.103863699590457,-21.6221437295244));
#971=CARTESIAN_POINT('Ctrl Pts',(0.928797292854605,0.417704728315659,-21.6012671193657));
#972=CARTESIAN_POINT('Ctrl Pts',(0.726772974973074,0.71340219596722,-21.5803905092069));
#973=CARTESIAN_POINT('Ctrl Pts',(0.446713879866057,0.859037597072766,-21.5595138990482));
#974=CARTESIAN_POINT('Ctrl Pts',(0.166654784759039,1.00467299817831,-21.5386372888895));
#975=CARTESIAN_POINT('Ctrl Pts',(-0.191439087573466,1.00024633273784,-21.5177606787308));
#976=CARTESIAN_POINT('Ctrl Pts',(-0.467812536975241,0.847732454140358,-21.4968840685721));
#977=CARTESIAN_POINT('Ctrl Pts',(-0.744185986377013,0.695218575542874,-21.4760074584133));
#978=CARTESIAN_POINT('Ctrl Pts',(-0.938839012848058,0.39461748378838,-21.4551308482546));
#979=CARTESIAN_POINT('Ctrl Pts',(-0.964931723619706,0.0800353209963955,
-21.4342542380959));
#980=CARTESIAN_POINT('Ctrl Pts',(-0.991024434391354,-0.234546841795593,
-21.4133776279372));
#981=CARTESIAN_POINT('Ctrl Pts',(-0.8485568294636,-0.563110075625073,-21.3925010177785));
#982=CARTESIAN_POINT('Ctrl Pts',(-0.601087497072429,-0.759073583005789,
-21.3716244076198));
#983=CARTESIAN_POINT('Ctrl Pts',(-0.432609971986996,-0.892485858424132,
-21.3574115773764));
#984=CARTESIAN_POINT('Ctrl Pts',(-0.215465105873697,-0.964439372513697,
-21.343198747133));
#985=CARTESIAN_POINT('Ctrl Pts',(0.000728634429493953,-0.966014205189378,
-21.3289859168897));
#986=CARTESIAN_POINT('Ctrl Pts',(0.000778272413905108,-0.966215018309405,
-21.2710140831103));
#987=CARTESIAN_POINT('Ctrl Pts',(-0.22327734616805,-0.964442921800443,-21.2857515354066));
#988=CARTESIAN_POINT('Ctrl Pts',(-0.448444605260905,-0.886595900926065,
-21.3004889877029));
#989=CARTESIAN_POINT('Ctrl Pts',(-0.61966792902578,-0.74398295181881,-21.3152264399992));
#990=CARTESIAN_POINT('Ctrl Pts',(-0.862217489726679,-0.541961945593488,
-21.336103050158));
#991=CARTESIAN_POINT('Ctrl Pts',(-0.996519578038689,-0.209977339465718,
-21.3569796603167));
#992=CARTESIAN_POINT('Ctrl Pts',(-0.96265845828738,0.103863704695831,-21.3778562704754));
#993=CARTESIAN_POINT('Ctrl Pts',(-0.928797338536071,0.417704748857378,-21.3987328806341));
#994=CARTESIAN_POINT('Ctrl Pts',(-0.726773010721447,0.713402231052703,-21.4196094907929));
#995=CARTESIAN_POINT('Ctrl Pts',(-0.446713901840941,0.859037639322043,-21.4404861009516));
#996=CARTESIAN_POINT('Ctrl Pts',(-0.166654792960435,1.00467304759138,-21.4613627111103));
#997=CARTESIAN_POINT('Ctrl Pts',(0.191439096985952,1.00024638193474,-21.482239321269));
#998=CARTESIAN_POINT('Ctrl Pts',(0.467812559981631,0.84773249583704,-21.5031159314277));
#999=CARTESIAN_POINT('Ctrl Pts',(0.744186022977311,0.695218609739344,-21.5239925415864));
#1000=CARTESIAN_POINT('Ctrl Pts',(0.938839059022284,0.394617503200595,-21.5448691517451));
#1001=CARTESIAN_POINT('Ctrl Pts',(0.964931771078381,0.0800353249362009,
-21.5657457619039));
#1002=CARTESIAN_POINT('Ctrl Pts',(0.991024483134479,-0.23454685332819,-21.5866223720626));
#1003=CARTESIAN_POINT('Ctrl Pts',(0.848556871201705,-0.563110103318228,
-21.6074989822213));
#1004=CARTESIAN_POINT('Ctrl Pts',(0.601087526639463,-0.759073620338052,
-21.62837559238));
#1005=CARTESIAN_POINT('Ctrl Pts',(0.432609993267072,-0.892485902319406,
-21.6425884226234));
#1006=CARTESIAN_POINT('Ctrl Pts',(0.215465116471896,-0.964439419948714,
-21.6568012528669));
#1007=CARTESIAN_POINT('Ctrl Pts',(-0.00072863446596302,-0.966014252701883,
-21.6710140831103));
#1008=CARTESIAN_POINT('Origin',(0.,0.,-21.5));
#1009=CARTESIAN_POINT('',(0.000477822711504872,-0.967923975247256,-22.1289859168897));
#1010=CARTESIAN_POINT('',(0.000360454052043504,-0.968066177094429,-22.0710140831103));
#1011=CARTESIAN_POINT('',(-1.1839272930757E-16,-0.96675,-21.5));
#1012=CARTESIAN_POINT('Ctrl Pts',(0.000477822711504872,-0.967923975247256,
-22.1289859168897));
#1013=CARTESIAN_POINT('Ctrl Pts',(0.0297543567962151,-0.968104158683042,
-22.127051402371));
#1014=CARTESIAN_POINT('Ctrl Pts',(0.0590157269757546,-0.966887622509138,
-22.1251168878523));
#1015=CARTESIAN_POINT('Ctrl Pts',(0.0881448810444704,-0.964224776866785,
-22.1231823733336));
#1016=CARTESIAN_POINT('Ctrl Pts',(0.402496615224764,-0.93548826967013,-22.1023057631749));
#1017=CARTESIAN_POINT('Ctrl Pts',(0.701450489851164,-0.738314875864795,
-22.0814291530162));
#1018=CARTESIAN_POINT('Ctrl Pts',(0.851635436284994,-0.460668974588885,
-22.0605525428575));
#1019=CARTESIAN_POINT('Ctrl Pts',(1.00182038271882,-0.183023073312979,-22.0396759326988));
#1020=CARTESIAN_POINT('Ctrl Pts',(1.00323640096009,0.175095335433499,-22.01879932254));
#1021=CARTESIAN_POINT('Ctrl Pts',(0.855251661298353,0.453920147793303,-21.9979227123813));
#1022=CARTESIAN_POINT('Ctrl Pts',(0.707266921636619,0.732744960153111,-21.9770461022226));
#1023=CARTESIAN_POINT('Ctrl Pts',(0.409881424071886,0.932276176126242,-21.9561694920639));
#1024=CARTESIAN_POINT('Ctrl Pts',(0.0957668035223958,0.963497590981607,
-21.9352928819052));
#1025=CARTESIAN_POINT('Ctrl Pts',(-0.21834781702709,0.994719005836972,-21.9144162717465));
#1026=CARTESIAN_POINT('Ctrl Pts',(-0.549191560561331,0.857630619574575,
-21.8935396615877));
#1027=CARTESIAN_POINT('Ctrl Pts',(-0.74916626181589,0.613391218980249,-21.872663051429));
#1028=CARTESIAN_POINT('Ctrl Pts',(-0.949140963070452,0.369151818385918,
-21.8517864412703));
#1029=CARTESIAN_POINT('Ctrl Pts',(-1.01824662204533,0.0177614034596546,
-21.8309098311116));
#1030=CARTESIAN_POINT('Ctrl Pts',(-0.925653351675601,-0.284015421605396,
-21.8100332209529));
#1031=CARTESIAN_POINT('Ctrl Pts',(-0.833060081305876,-0.585792246670445,
-21.7891566107941));
#1032=CARTESIAN_POINT('Ctrl Pts',(-0.578767881591552,-0.837955481874282,
-21.7682800006354));
#1033=CARTESIAN_POINT('Ctrl Pts',(-0.276223273820191,-0.928008398085252,
-21.7474033904767));
#1034=CARTESIAN_POINT('Ctrl Pts',(-0.187254370660778,-0.954490143176049,
-21.7412642326144));
#1035=CARTESIAN_POINT('Ctrl Pts',(-0.0941127726025149,-0.966953170272239,
-21.735125074752));
#1036=CARTESIAN_POINT('Ctrl Pts',(-0.000778272371239688,-0.966214970788092,
-21.7289859168897));
#1037=CARTESIAN_POINT('Ctrl Pts',(-0.00072863446596302,-0.966014252701883,
-21.6710140831103));
#1038=CARTESIAN_POINT('Ctrl Pts',(-0.102092511373884,-0.966752623504232,
-21.6776778630256));
#1039=CARTESIAN_POINT('Ctrl Pts',(-0.203247305561875,-0.952019890513247,
-21.6843416429409));
#1040=CARTESIAN_POINT('Ctrl Pts',(-0.299078983264765,-0.920896703023342,
-21.6910054228562));
#1041=CARTESIAN_POINT('Ctrl Pts',(-0.599305071415042,-0.823392484639193,
-21.7118820330149));
#1042=CARTESIAN_POINT('Ctrl Pts',(-0.847286170523882,-0.565020263821281,
-21.7327586431736));
#1043=CARTESIAN_POINT('Ctrl Pts',(-0.932391315542383,-0.261046760498041,
-21.7536352533323));
#1044=CARTESIAN_POINT('Ctrl Pts',(-1.01749646056088,0.0429267428251942,
-21.7745118634911));
#1045=CARTESIAN_POINT('Ctrl Pts',(-0.939725651489047,0.392501528653755,
-21.7953884736498));
#1046=CARTESIAN_POINT('Ctrl Pts',(-0.733774516860415,0.63172298776156,-21.8162650838085));
#1047=CARTESIAN_POINT('Ctrl Pts',(-0.527823382231781,0.870944446869367,
-21.8371416939672));
#1048=CARTESIAN_POINT('Ctrl Pts',(-0.193691922046344,0.999812579256415,
-21.8580183041259));
#1049=CARTESIAN_POINT('Ctrl Pts',(0.119554936402555,0.960835882614139,-21.8788949142846));
#1050=CARTESIAN_POINT('Ctrl Pts',(0.432801794851455,0.921859185971863,-21.8997715244434));
#1051=CARTESIAN_POINT('Ctrl Pts',(0.725164051563818,0.715037660300265,-21.9206481346021));
#1052=CARTESIAN_POINT('Ctrl Pts',(0.86621111989016,0.432639890861088,-21.9415247447608));
#1053=CARTESIAN_POINT('Ctrl Pts',(1.0072581882165,0.150242121421916,-21.9624013549195));
#1054=CARTESIAN_POINT('Ctrl Pts',(0.996990068156823,-0.207731891784831,
-21.9832779650782));
#1055=CARTESIAN_POINT('Ctrl Pts',(0.839987656480239,-0.481580423782225,
-22.0041545752369));
#1056=CARTESIAN_POINT('Ctrl Pts',(0.682985244803653,-0.755428955779624,
-22.0250311853957));
#1057=CARTESIAN_POINT('Ctrl Pts',(0.379248541510157,-0.945152006567667,
-22.0459077955544));
#1058=CARTESIAN_POINT('Ctrl Pts',(0.0642825388159617,-0.966109070395979,
-22.0667844057131));
#1059=CARTESIAN_POINT('Ctrl Pts',(0.043011451662068,-0.967524396264068,
-22.0681942981788));
#1060=CARTESIAN_POINT('Ctrl Pts',(0.0216891486236136,-0.968169994743341,
-22.0696041906446));
#1061=CARTESIAN_POINT('Ctrl Pts',(0.000360454052043504,-0.968066177094429,
-22.0710140831103));
#1062=CARTESIAN_POINT('Origin',(0.,0.,-21.5));
#1063=CARTESIAN_POINT('',(9.68498391055311E-5,-0.965273459326163,-22.5289859168897));
#1064=CARTESIAN_POINT('',(0.000221865354617292,-0.965316079549501,-22.4710140831103));
#1065=CARTESIAN_POINT('',(-1.1839272930757E-16,-0.96675,-21.5));
#1066=CARTESIAN_POINT('Ctrl Pts',(9.68498391055311E-5,-0.965273459326163,
-22.5289859168897));
#1067=CARTESIAN_POINT('Ctrl Pts',(0.152629598782319,-0.96542091827279,-22.51897772999));
#1068=CARTESIAN_POINT('Ctrl Pts',(0.305101285802619,-0.931297238787397,
-22.5089695430903));
#1069=CARTESIAN_POINT('Ctrl Pts',(0.439910089859206,-0.862544469914657,
-22.4989613561906));
#1070=CARTESIAN_POINT('Ctrl Pts',(0.721114955081451,-0.719129407079446,
-22.4780847460318));
#1071=CARTESIAN_POINT('Ctrl Pts',(0.925465065732888,-0.425036214782436,
-22.4572081358731));
#1072=CARTESIAN_POINT('Ctrl Pts',(0.961805376311153,-0.111472153075869,
-22.4363315257144));
#1073=CARTESIAN_POINT('Ctrl Pts',(0.998145686889418,0.202091908630696,-22.4154549155557));
#1074=CARTESIAN_POINT('Ctrl Pts',(0.866476197394512,0.535126839746818,-22.394578305397));
#1075=CARTESIAN_POINT('Ctrl Pts',(0.625532510908224,0.739059201799201,-22.3737016952382));
#1076=CARTESIAN_POINT('Ctrl Pts',(0.38458882442194,0.942991563851581,-22.3528250850795));
#1077=CARTESIAN_POINT('Ctrl Pts',(0.0343709409442782,1.01782135684023,-22.3319484749208));
#1078=CARTESIAN_POINT('Ctrl Pts',(-0.268876709466395,0.930163832866876,
-22.3110718647621));
#1079=CARTESIAN_POINT('Ctrl Pts',(-0.572124359877073,0.842506308893525,
-22.2901952546034));
#1080=CARTESIAN_POINT('Ctrl Pts',(-0.828401777220761,0.592361467958175,
-22.2693186444446));
#1081=CARTESIAN_POINT('Ctrl Pts',(-0.923378293565895,0.291326188780129,
-22.2484420342859));
#1082=CARTESIAN_POINT('Ctrl Pts',(-1.01835480991103,-0.00970909039791204,
-22.2275654241272));
#1083=CARTESIAN_POINT('Ctrl Pts',(-0.95203042525761,-0.361634807818648,
-22.2066888139685));
#1084=CARTESIAN_POINT('Ctrl Pts',(-0.753993436063811,-0.607447856235029,
-22.1858122038098));
#1085=CARTESIAN_POINT('Ctrl Pts',(-0.574307387368472,-0.830482833526427,
-22.1668701081698));
#1086=CARTESIAN_POINT('Ctrl Pts',(-0.286187851432933,-0.966159681497866,
-22.1479280125297));
#1087=CARTESIAN_POINT('Ctrl Pts',(0.000477822711504872,-0.967923975247256,
-22.1289859168897));
#1088=CARTESIAN_POINT('Ctrl Pts',(0.000360454052043504,-0.968066177094429,
-22.0710140831103));
#1089=CARTESIAN_POINT('Ctrl Pts',(-0.294129860686551,-0.96663274233822,
-22.0904808008033));
#1090=CARTESIAN_POINT('Ctrl Pts',(-0.589838655762859,-0.822330796939243,
-22.1099475184963));
#1091=CARTESIAN_POINT('Ctrl Pts',(-0.768778909717389,-0.588623805882133,
-22.1294142361892));
#1092=CARTESIAN_POINT('Ctrl Pts',(-0.960679053461646,-0.337990400671397,
-22.150290846348));
#1093=CARTESIAN_POINT('Ctrl Pts',(-1.01828403885527,0.0154674866186544,
-22.1711674565067));
#1094=CARTESIAN_POINT('Ctrl Pts',(-0.915894861480029,0.314062916593767,
-22.1920440666654));
#1095=CARTESIAN_POINT('Ctrl Pts',(-0.813505684104783,0.612658346568884,
-22.2129206768241));
#1096=CARTESIAN_POINT('Ctrl Pts',(-0.551122343960657,0.856391319229061,
-22.2337972869828));
#1097=CARTESIAN_POINT('Ctrl Pts',(-0.245800811091155,0.936526024079447,
-22.2546738971416));
#1098=CARTESIAN_POINT('Ctrl Pts',(0.0595207217783456,1.01666072892983,-22.2755505073003));
#1099=CARTESIAN_POINT('Ctrl Pts',(0.407780447373223,0.933197165970427,-22.296427117459));
#1100=CARTESIAN_POINT('Ctrl Pts',(0.643610019055026,0.723370745125873,-22.3173037276177));
#1101=CARTESIAN_POINT('Ctrl Pts',(0.87943959073683,0.513544324281319,-22.3381803377764));
#1102=CARTESIAN_POINT('Ctrl Pts',(1.00283900850556,0.177355045551615,-22.3590569479351));
#1103=CARTESIAN_POINT('Ctrl Pts',(0.95875732528436,-0.135214295583302,-22.3799335580939));
#1104=CARTESIAN_POINT('Ctrl Pts',(0.91467564206316,-0.447783636718219,-22.4008101682526));
#1105=CARTESIAN_POINT('Ctrl Pts',(0.703112857852028,-0.736733040258348,
-22.4216867784113));
#1106=CARTESIAN_POINT('Ctrl Pts',(0.41845117623021,-0.873154136121329,-22.44256338857));
#1107=CARTESIAN_POINT('Ctrl Pts',(0.289138634753101,-0.93512580198316,-22.4520469534168));
#1108=CARTESIAN_POINT('Ctrl Pts',(0.144741482810265,-0.965621889035921,
-22.4615305182636));
#1109=CARTESIAN_POINT('Ctrl Pts',(0.000221865354617292,-0.965316079549501,
-22.4710140831103));
#1110=CARTESIAN_POINT('Origin',(0.,0.,-21.5));
#1111=CARTESIAN_POINT('',(-0.000983557773805571,-0.967472618719824,-22.9289859168897));
#1112=CARTESIAN_POINT('',(-0.000771331013535972,-0.967407680626741,-22.8710140831103));
#1113=CARTESIAN_POINT('',(-1.1839272930757E-16,-0.96675,-21.5));
#1114=CARTESIAN_POINT('Ctrl Pts',(-0.000983557773805571,-0.967472618719824,
-22.9289859168897));
#1115=CARTESIAN_POINT('Ctrl Pts',(0.272704066441935,-0.965328799917812,
-22.9109040576089));
#1116=CARTESIAN_POINT('Ctrl Pts',(0.548747733872743,-0.84329642767318,-22.8928221983282));
#1117=CARTESIAN_POINT('Ctrl Pts',(0.728911261208454,-0.63757247678597,-22.8747403390475));
#1118=CARTESIAN_POINT('Ctrl Pts',(0.93692104972695,-0.400051619206956,-22.8538637288887));
#1119=CARTESIAN_POINT('Ctrl Pts',(1.01712153930711,-0.0509689514059084,
-22.83298711873));
#1120=CARTESIAN_POINT('Ctrl Pts',(0.934341417882316,0.253700509245256,-22.8121105085713));
#1121=CARTESIAN_POINT('Ctrl Pts',(0.851561296457528,0.558369969896417,-22.7912338984126));
#1122=CARTESIAN_POINT('Ctrl Pts',(0.605800564027806,0.818626223397693,-22.7703572882539));
#1123=CARTESIAN_POINT('Ctrl Pts',(0.306396045157705,0.91848479187638,-22.7494806780952));
#1124=CARTESIAN_POINT('Ctrl Pts',(0.00699152628759945,1.01834336035507,
-22.7286040679364));
#1125=CARTESIAN_POINT('Ctrl Pts',(-0.346056779022889,0.957804243811157,
-22.7077274577777));
#1126=CARTESIAN_POINT('Ctrl Pts',(-0.595089114104314,0.76381235375119,-22.686850847619));
#1127=CARTESIAN_POINT('Ctrl Pts',(-0.844121449185737,0.569820463691225,
-22.6659742374603));
#1128=CARTESIAN_POINT('Ctrl Pts',(-0.989137814038103,0.242375800115213,
-22.6450976273016));
#1129=CARTESIAN_POINT('Ctrl Pts',(-0.965522635807394,-0.0724072876787774,
-22.6242210171429));
#1130=CARTESIAN_POINT('Ctrl Pts',(-0.941907457576686,-0.38719037547277,
-22.6033444069842));
#1131=CARTESIAN_POINT('Ctrl Pts',(-0.749660736262896,-0.689311887484738,
-22.5824677968254));
#1132=CARTESIAN_POINT('Ctrl Pts',(-0.474507565709479,-0.844004176804012,
-22.5615911866667));
#1133=CARTESIAN_POINT('Ctrl Pts',(-0.331262034184179,-0.924537427290772,
-22.5507227634077));
#1134=CARTESIAN_POINT('Ctrl Pts',(-0.165546587177679,-0.965113325801346,
-22.5398543401487));
#1135=CARTESIAN_POINT('Ctrl Pts',(9.68498391055311E-5,-0.965273459326163,
-22.5289859168897));
#1136=CARTESIAN_POINT('Ctrl Pts',(0.000221865354617292,-0.965316079549501,
-22.4710140831103));
#1137=CARTESIAN_POINT('Ctrl Pts',(-0.173396238885889,-0.964948696461824,
-22.4824071284223));
#1138=CARTESIAN_POINT('Ctrl Pts',(-0.347191089380525,-0.920127003680169,
-22.4938001737342));
#1139=CARTESIAN_POINT('Ctrl Pts',(-0.495220983464645,-0.83201904664127,
-22.5051932190462));
#1140=CARTESIAN_POINT('Ctrl Pts',(-0.766470882505168,-0.670570073112401,
-22.5260698292049));
#1141=CARTESIAN_POINT('Ctrl Pts',(-0.95121010155371,-0.363779337868835,
-22.5469464393636));
#1142=CARTESIAN_POINT('Ctrl Pts',(-0.967027511960298,-0.048513008548513,
-22.5678230495223));
#1143=CARTESIAN_POINT('Ctrl Pts',(-0.982844922366887,0.266753320771809,
-22.5886996596811));
#1144=CARTESIAN_POINT('Ctrl Pts',(-0.829740524131523,0.590495244168887,
-22.6095762698398));
#1145=CARTESIAN_POINT('Ctrl Pts',(-0.576006718799326,0.778280281330548,
-22.6304528799985));
#1146=CARTESIAN_POINT('Ctrl Pts',(-0.322272913467129,0.966065318492209,
-22.6513294901572));
#1147=CARTESIAN_POINT('Ctrl Pts',(0.0320902989618992,1.01789346941845,-22.6722061003159));
#1148=CARTESIAN_POINT('Ctrl Pts',(0.328969674028001,0.910647856295369,-22.6930827104746));
#1149=CARTESIAN_POINT('Ctrl Pts',(0.625849049094105,0.803402243172284,-22.7139593206334));
#1150=CARTESIAN_POINT('Ctrl Pts',(0.865244586797282,0.53708286599987,-22.7348359307921));
#1151=CARTESIAN_POINT('Ctrl Pts',(0.940399004482774,0.230492108326751,-22.7557125409508));
#1152=CARTESIAN_POINT('Ctrl Pts',(1.01555342216827,-0.076098649346368,-22.7765891511095));
#1153=CARTESIAN_POINT('Ctrl Pts',(0.926466719836072,-0.422960787520192,
-22.7974657612682));
#1154=CARTESIAN_POINT('Ctrl Pts',(0.71279857342122,-0.655330922895831,-22.818342371427));
#1155=CARTESIAN_POINT('Ctrl Pts',(0.533103579544941,-0.850754296730337,
-22.8358996086547));
#1156=CARTESIAN_POINT('Ctrl Pts',(0.265294416171302,-0.965199577760284,
-22.8534568458825));
#1157=CARTESIAN_POINT('Ctrl Pts',(-0.000771331013535972,-0.967407680626741,
-22.8710140831103));
#1158=CARTESIAN_POINT('Origin',(0.,0.,-19.2604774406976));
#1159=CARTESIAN_POINT('',(7.40336499710518E-5,-0.737871307413535,-22.6604774406976));
#1160=CARTESIAN_POINT('',(-0.000589618431867389,-0.739502742159981,-22.7395225593024));
#1161=CARTESIAN_POINT('',(-2.09348025509544E-14,-0.739,-19.2604774406976));
#1162=CARTESIAN_POINT('',(0.601728469640833,-0.430756751764508,-22.9999999999998));
#1163=CARTESIAN_POINT('Ctrl Pts',(7.40336499709983E-5,-0.737871307413535,
-22.6604774406976));
#1164=CARTESIAN_POINT('Ctrl Pts',(-0.12654660245596,-0.737748898647216,
-22.6713458639566));
#1165=CARTESIAN_POINT('Ctrl Pts',(-0.496547259840301,-0.647153185368398,
-22.7030908973743));
#1166=CARTESIAN_POINT('Ctrl Pts',(-0.866966576881365,-0.0650280735428296,
-22.7557125409508));
#1167=CARTESIAN_POINT('Ctrl Pts',(-0.534407713806416,0.685884591725365,
-22.8183423714269));
#1168=CARTESIAN_POINT('Ctrl Pts',(0.275220517766721,0.824715955964154,-22.8809722019031));
#1169=CARTESIAN_POINT('Ctrl Pts',(0.820118443385916,0.24767872442505,-22.9415247447607));
#1170=CARTESIAN_POINT('Ctrl Pts',(0.727165142394334,-0.253038589328103,
-22.9812006774596));
#1171=CARTESIAN_POINT('Ctrl Pts',(0.601728469640833,-0.430756751764508,
-22.9999999999998));
#1172=CARTESIAN_POINT('',(0.601104350277921,0.42987737795441,-22.9999999999998));
#1173=CARTESIAN_POINT('Origin',(0.,0.,-22.9999999999998));
#1174=CARTESIAN_POINT('Ctrl Pts',(-0.000589618431867402,-0.739502742159981,
-22.7395225593024));
#1175=CARTESIAN_POINT('Ctrl Pts',(-0.0390416328385786,-0.739821858784841,
-22.7428419322333));
#1176=CARTESIAN_POINT('Ctrl Pts',(-0.318983573986744,-0.719794069174498,
-22.767037915323));
#1177=CARTESIAN_POINT('Ctrl Pts',(-0.789804201567803,-0.36296717431123,
-22.8121105085713));
#1178=CARTESIAN_POINT('Ctrl Pts',(-0.740288851447947,0.456929177319648,
-22.8747403390475));
#1179=CARTESIAN_POINT('Ctrl Pts',(-0.0282866468775286,0.868717333047449,
-22.9373701695236));
#1180=CARTESIAN_POINT('Ctrl Pts',(0.460135080626893,0.626996941784356,-22.9791233898411));
#1181=CARTESIAN_POINT('Ctrl Pts',(0.601104350277921,0.42987737795441,-22.9999999999998));
#1182=CARTESIAN_POINT('Origin',(0.,0.,-19.2604774406976));
#1183=CARTESIAN_POINT('',(0.000365255737023199,-0.739897406472948,-22.2604774406976));
#1184=CARTESIAN_POINT('',(0.000169597617850972,-0.737903887030858,-22.3395225593024));
#1185=CARTESIAN_POINT('',(-2.09348025509544E-14,-0.739,-19.2604774406976));
#1186=CARTESIAN_POINT('Ctrl Pts',(0.000365255737023169,-0.739897406472948,
-22.2604774406976));
#1187=CARTESIAN_POINT('Ctrl Pts',(-0.218766818938673,-0.738548750583825,
-22.2794195363376));
#1188=CARTESIAN_POINT('Ctrl Pts',(-0.681746657885808,-0.520529361448303,
-22.3192382421364));
#1189=CARTESIAN_POINT('Ctrl Pts',(-0.829147064683861,0.261596159679209,
-22.3799335580939));
#1190=CARTESIAN_POINT('Ctrl Pts',(-0.241438728246361,0.835240961700066,
-22.44256338857));
#1191=CARTESIAN_POINT('Ctrl Pts',(0.561698636811807,0.663637495389403,-22.5051932190462));
#1192=CARTESIAN_POINT('Ctrl Pts',(0.863649770207412,-0.100095054167815,
-22.5678230495223));
#1193=CARTESIAN_POINT('Ctrl Pts',(0.476346442709997,-0.657487813133597,
-22.6195844567395));
#1194=CARTESIAN_POINT('Ctrl Pts',(0.116672638738185,-0.737984027518584,
-22.6504692537979));
#1195=CARTESIAN_POINT('Ctrl Pts',(7.40336499709983E-5,-0.737871307413535,
-22.6604774406976));
#1196=CARTESIAN_POINT('Ctrl Pts',(0.000169597617851016,-0.737903887030858,
-22.3395225593024));
#1197=CARTESIAN_POINT('Ctrl Pts',(-0.132547008571685,-0.737623053204331,
-22.3509156046143));
#1198=CARTESIAN_POINT('Ctrl Pts',(-0.508836132531598,-0.64057808631833,
-22.383185260085));
#1199=CARTESIAN_POINT('Ctrl Pts',(-0.868338813473043,-0.0435630487096645,
-22.4363315257144));
#1200=CARTESIAN_POINT('Ctrl Pts',(-0.517232063136547,0.698858305488753,
-22.4989613561905));
#1201=CARTESIAN_POINT('Ctrl Pts',(0.295411579951283,0.817713242756379,-22.5615911866667));
#1202=CARTESIAN_POINT('Ctrl Pts',(0.844405536080516,0.20697617609877,-22.6242210171428));
#1203=CARTESIAN_POINT('Ctrl Pts',(0.65093517874524,-0.546307311355183,-22.6835314746881));
#1204=CARTESIAN_POINT('Ctrl Pts',(0.202795524748476,-0.73781483109889,-22.7219653220746));
#1205=CARTESIAN_POINT('Ctrl Pts',(-0.000589618431867402,-0.739502742159981,
-22.7395225593024));
#1206=CARTESIAN_POINT('Origin',(0.,0.,-19.2604774406976));
#1207=CARTESIAN_POINT('',(-0.000594924522763101,-0.738591014649496,-21.8604774406976));
#1208=CARTESIAN_POINT('',(0.000275537154854379,-0.740006107962538,-21.9395225593024));
#1209=CARTESIAN_POINT('',(-2.09348025509544E-14,-0.739,-19.2604774406976));
#1210=CARTESIAN_POINT('Ctrl Pts',(-0.000594924522763001,-0.738591014649496,
-21.8604774406976));
#1211=CARTESIAN_POINT('Ctrl Pts',(-0.0719413901766572,-0.739155306781673,
-21.8666165985599));
#1212=CARTESIAN_POINT('Ctrl Pts',(-0.385257308427875,-0.697231345198033,
-21.893632366581));
#1213=CARTESIAN_POINT('Ctrl Pts',(-0.831190417040529,-0.255031641555538,
-21.9415247447608));
#1214=CARTESIAN_POINT('Ctrl Pts',(-0.672713824387513,0.550794631929354,
-22.0041545752369));
#1215=CARTESIAN_POINT('Ctrl Pts',(0.0859937829726341,0.865172653489976,
-22.0667844057131));
#1216=CARTESIAN_POINT('Ctrl Pts',(0.767973248295629,0.407597576363073,-22.1294142361892));
#1217=CARTESIAN_POINT('Ctrl Pts',(0.764725963639942,-0.413657672864698,
-22.1920440666654));
#1218=CARTESIAN_POINT('Ctrl Pts',(0.286499075758625,-0.729069602582485,
-22.2357318015015));
#1219=CARTESIAN_POINT('Ctrl Pts',(0.0227447320117695,-0.740035141729268,
-22.2585429261789));
#1220=CARTESIAN_POINT('Ctrl Pts',(0.000365255737023169,-0.739897406472948,
-22.2604774406976));
#1221=CARTESIAN_POINT('Ctrl Pts',(0.000275537154854402,-0.740006107962538,
-21.9395225593024));
#1222=CARTESIAN_POINT('Ctrl Pts',(-0.22483782471928,-0.738910366266298,
-21.9589892769954));
#1223=CARTESIAN_POINT('Ctrl Pts',(-0.693298875374817,-0.510307625736383,
-21.999332604847));
#1224=CARTESIAN_POINT('Ctrl Pts',(-0.822427710286982,0.282012776124688,
-22.0605525428575));
#1225=CARTESIAN_POINT('Ctrl Pts',(-0.220716962834665,0.840953557492782,
-22.1231823733336));
#1226=CARTESIAN_POINT('Ctrl Pts',(0.57792985551945,0.649550693173149,-22.1858122038098));
#1227=CARTESIAN_POINT('Ctrl Pts',(0.860915642117095,-0.121415565884265,
-22.2484420342859));
#1228=CARTESIAN_POINT('Ctrl Pts',(0.464006207545459,-0.66350875494189,-22.2996788194502));
#1229=CARTESIAN_POINT('Ctrl Pts',(0.110642829890645,-0.738137652958413,
-22.3300389944556));
#1230=CARTESIAN_POINT('Ctrl Pts',(0.000169597617851016,-0.737903887030858,
-22.3395225593024));
#1231=CARTESIAN_POINT('Origin',(0.,0.,-19.2604774406976));
#1232=CARTESIAN_POINT('',(0.000556980443088447,-0.738437546040807,-21.4604774406976));
#1233=CARTESIAN_POINT('',(-0.000556980471017807,-0.738437582360167,-21.5395225593024));
#1234=CARTESIAN_POINT('',(-2.09348025509544E-14,-0.739,-19.2604774406976));
#1235=CARTESIAN_POINT('Ctrl Pts',(0.000556980443088472,-0.738437546040807,
-21.4604774406976));
#1236=CARTESIAN_POINT('Ctrl Pts',(-0.16470515980418,-0.73723371739086,-21.474690270941));
#1237=CARTESIAN_POINT('Ctrl Pts',(-0.574508691587396,-0.601440480710168,
-21.5097797113431));
#1238=CARTESIAN_POINT('Ctrl Pts',(-0.866460426228931,0.0718677152449385,
-21.5657457619039));
#1239=CARTESIAN_POINT('Ctrl Pts',(-0.420072260016037,0.761221343814596,
-21.62837559238));
#1240=CARTESIAN_POINT('Ctrl Pts',(0.401126721066102,0.771372796911589,-21.6910054228562));
#1241=CARTESIAN_POINT('Ctrl Pts',(0.86441910559504,0.0932644071691362,-21.7536352533323));
#1242=CARTESIAN_POINT('Ctrl Pts',(0.586620688794736,-0.593432271500193,
-21.8101259259461));
#1243=CARTESIAN_POINT('Ctrl Pts',(0.170676959613008,-0.737236394265781,
-21.8457399884012));
#1244=CARTESIAN_POINT('Ctrl Pts',(-0.000594924522763001,-0.738591014649496,
-21.8604774406976));
#1245=CARTESIAN_POINT('Ctrl Pts',(-0.000556980471017807,-0.738437582360167,
-21.5395225593024));
#1246=CARTESIAN_POINT('Ctrl Pts',(-0.0780412370367816,-0.739002005450868,
-21.5461863392177));
#1247=CARTESIAN_POINT('Ctrl Pts',(-0.397611360493726,-0.692458079000504,
-21.5737267292917));
#1248=CARTESIAN_POINT('Ctrl Pts',(-0.837240767787516,-0.234406934346508,
-21.6221437295244));
#1249=CARTESIAN_POINT('Ctrl Pts',(-0.658892814632858,0.567255646653675,
-21.6847735600005));
#1250=CARTESIAN_POINT('Ctrl Pts',(0.107354350850573,0.862782566231722,-21.7474033904767));
#1251=CARTESIAN_POINT('Ctrl Pts',(0.77781426616612,0.38848898214697,-21.8100332209529));
#1252=CARTESIAN_POINT('Ctrl Pts',(0.754266893864794,-0.4324351319253,-21.872663051429));
#1253=CARTESIAN_POINT('Ctrl Pts',(0.274223709341021,-0.732284496491069,
-21.9158261642122));
#1254=CARTESIAN_POINT('Ctrl Pts',(0.0165795509002801,-0.740085467923796,
-21.9381126668367));
#1255=CARTESIAN_POINT('Ctrl Pts',(0.000275537154854402,-0.740006107962538,
-21.9395225593024));
#1256=CARTESIAN_POINT('Origin',(0.,0.,-19.2604774406976));
#1257=CARTESIAN_POINT('',(-0.000275537156924961,-0.740006071567078,-21.0604774406976));
#1258=CARTESIAN_POINT('',(0.000594924555336364,-0.738591050975588,-21.1395225593024));
#1259=CARTESIAN_POINT('',(-2.09348025509544E-14,-0.739,-19.2604774406976));
#1260=CARTESIAN_POINT('Ctrl Pts',(-0.000275537156924914,-0.740006071567078,
-21.0604774406976));
#1261=CARTESIAN_POINT('Ctrl Pts',(-0.0165795501010706,-0.740085431524486,
-21.0618873331633));
#1262=CARTESIAN_POINT('Ctrl Pts',(-0.274223695889275,-0.732284460476691,
-21.0841738357876));
#1263=CARTESIAN_POINT('Ctrl Pts',(-0.754266856726287,-0.432435110656518,
-21.1273369485708));
#1264=CARTESIAN_POINT('Ctrl Pts',(-0.77781422793254,0.388488963035278,-21.1899667790469));
#1265=CARTESIAN_POINT('Ctrl Pts',(-0.107354345561996,0.862782523797047,
-21.2525966095231));
#1266=CARTESIAN_POINT('Ctrl Pts',(0.658892782217624,0.567255618755498,-21.3152264399992));
#1267=CARTESIAN_POINT('Ctrl Pts',(0.837240726612788,-0.234406922814219,
-21.3778562704754));
#1268=CARTESIAN_POINT('Ctrl Pts',(0.397611340938583,-0.692458044941931,
-21.4262732707082));
#1269=CARTESIAN_POINT('Ctrl Pts',(0.078041233198635,-0.73900196910375,-21.4538136607823));
#1270=CARTESIAN_POINT('Ctrl Pts',(0.000556980443088472,-0.738437546040807,
-21.4604774406976));
#1271=CARTESIAN_POINT('Ctrl Pts',(0.000594924555336338,-0.738591050975588,
-21.1395225593024));
#1272=CARTESIAN_POINT('Ctrl Pts',(-0.170676968004339,-0.737236430525499,
-21.1542600115987));
#1273=CARTESIAN_POINT('Ctrl Pts',(-0.58662071765057,-0.593432300690063,
-21.1898740740537));
#1274=CARTESIAN_POINT('Ctrl Pts',(-0.864419148107747,0.0932644117540839,
-21.2463647466674));
#1275=CARTESIAN_POINT('Ctrl Pts',(-0.401126740799726,0.771372834849027,
-21.3089945771436));
#1276=CARTESIAN_POINT('Ctrl Pts',(0.420072280675465,0.761221381256276,-21.3716244076198));
#1277=CARTESIAN_POINT('Ctrl Pts',(0.866460468843756,0.0718677187826215,
-21.4342542380959));
#1278=CARTESIAN_POINT('Ctrl Pts',(0.574508719846782,-0.601440510290405,
-21.4902202886568));
#1279=CARTESIAN_POINT('Ctrl Pts',(0.164705167905584,-0.737233753650997,
-21.525309729059));
#1280=CARTESIAN_POINT('Ctrl Pts',(-0.000556980471017807,-0.738437582360167,
-21.5395225593024));
#1281=CARTESIAN_POINT('Origin',(0.,0.,-19.2604774406976));
#1282=CARTESIAN_POINT('',(-0.000169596925254831,-0.737903850792977,-20.6604774406976));
#1283=CARTESIAN_POINT('',(-0.000365255670142853,-0.739897442845979,-20.7395225593024));
#1284=CARTESIAN_POINT('',(-2.09348025509544E-14,-0.739,-19.2604774406976));
#1285=CARTESIAN_POINT('Ctrl Pts',(-0.00016959692525494,-0.737903850792977,
-20.6604774406976));
#1286=CARTESIAN_POINT('Ctrl Pts',(-0.110642824292409,-0.738137616691374,
-20.6699610055443));
#1287=CARTESIAN_POINT('Ctrl Pts',(-0.464006186588425,-0.663508722256502,
-20.7003211805497));
#1288=CARTESIAN_POINT('Ctrl Pts',(-0.860915598325791,-0.1214155599259,-20.7515579657139));
#1289=CARTESIAN_POINT('Ctrl Pts',(-0.577929827897342,0.649550661216705,
-20.81418779619));
#1290=CARTESIAN_POINT('Ctrl Pts',(0.220716952416738,0.840953516141835,-20.8768176266662));
#1291=CARTESIAN_POINT('Ctrl Pts',(0.822427669593953,0.282012762248684,-20.9394474571423));
#1292=CARTESIAN_POINT('Ctrl Pts',(0.69329884140078,-0.510307600630272,-21.0006673951528));
#1293=CARTESIAN_POINT('Ctrl Pts',(0.224837813666489,-0.738910329923923,
-21.0410107230045));
#1294=CARTESIAN_POINT('Ctrl Pts',(-0.000275537156924914,-0.740006071567078,
-21.0604774406976));
#1295=CARTESIAN_POINT('Ctrl Pts',(-0.000365255670142835,-0.73989744284598,
-20.7395225593024));
#1296=CARTESIAN_POINT('Ctrl Pts',(-0.0227447330315127,-0.740035178106784,
-20.741457073821));
#1297=CARTESIAN_POINT('Ctrl Pts',(-0.286499089617655,-0.729069638398685,
-20.7642681984983));
#1298=CARTESIAN_POINT('Ctrl Pts',(-0.764726001487863,-0.413657693260774,
-20.8079559333344));
#1299=CARTESIAN_POINT('Ctrl Pts',(-0.767973285939877,0.407597596435346,
-20.8705857638105));
#1300=CARTESIAN_POINT('Ctrl Pts',(-0.0859937872754677,0.865172696026693,
-20.9332155942867));
#1301=CARTESIAN_POINT('Ctrl Pts',(0.67271385751054,0.550794659030919,-20.9958454247628));
#1302=CARTESIAN_POINT('Ctrl Pts',(0.831190457902147,-0.25503165410111,-21.058475255239));
#1303=CARTESIAN_POINT('Ctrl Pts',(0.385257327381823,-0.697231379489136,
-21.1063676334188));
#1304=CARTESIAN_POINT('Ctrl Pts',(0.071941393719592,-0.739155343135424,
-21.13338340144));
#1305=CARTESIAN_POINT('Ctrl Pts',(0.000594924555336338,-0.738591050975588,
-21.1395225593024));
#1306=CARTESIAN_POINT('Origin',(0.,0.,-19.2604774406976));
#1307=CARTESIAN_POINT('',(0.00058965823935467,-0.739502718275067,-20.2604774406976));
#1308=CARTESIAN_POINT('',(-7.40377642154122E-5,-0.737871343599683,-20.3395225593024));
#1309=CARTESIAN_POINT('',(-2.09348025509544E-14,-0.739,-19.2604774406976));
#1310=CARTESIAN_POINT('Ctrl Pts',(0.000589658239354648,-0.739502718275067,
-20.2604774406976));
#1311=CARTESIAN_POINT('Ctrl Pts',(-0.202795477504611,-0.737814809614121,
-20.2780346779253));
#1312=CARTESIAN_POINT('Ctrl Pts',(-0.65093521394051,-0.546307267690461,
-20.3164685253118));
#1313=CARTESIAN_POINT('Ctrl Pts',(-0.84440545111993,0.206976157798501,-20.3757789828569));
#1314=CARTESIAN_POINT('Ctrl Pts',(-0.295411590704469,0.817713206071754,
-20.4384088133331));
#1315=CARTESIAN_POINT('Ctrl Pts',(0.517232052218534,0.698858269630537,-20.5010386438092));
#1316=CARTESIAN_POINT('Ctrl Pts',(0.868338762508032,-0.043563045970049,
-20.5636684742854));
#1317=CARTESIAN_POINT('Ctrl Pts',(0.50883611020498,-0.640578054905464,-20.6168147399148));
#1318=CARTESIAN_POINT('Ctrl Pts',(0.132547003372815,-0.737623017001476,
-20.6490843953856));
#1319=CARTESIAN_POINT('Ctrl Pts',(-0.00016959692525494,-0.737903850792977,
-20.6604774406976));
#1320=CARTESIAN_POINT('Ctrl Pts',(-7.40377642153862E-5,-0.737871343599682,
-20.3395225593024));
#1321=CARTESIAN_POINT('Ctrl Pts',(-0.116672645558332,-0.737984063551771,
-20.349530746202));
#1322=CARTESIAN_POINT('Ctrl Pts',(-0.476346455525079,-0.65748784484155,
-20.3804155432604));
#1323=CARTESIAN_POINT('Ctrl Pts',(-0.863649820926631,-0.100095059868373,
-20.4321769504775));
#1324=CARTESIAN_POINT('Ctrl Pts',(-0.561698659815431,0.663637528580303,
-20.4948067809536));
#1325=CARTESIAN_POINT('Ctrl Pts',(0.241438737539769,0.835241002417704,-20.5574366114298));
#1326=CARTESIAN_POINT('Ctrl Pts',(0.829147106893249,0.261596172776748,-20.6200664419059));
#1327=CARTESIAN_POINT('Ctrl Pts',(0.681746690698529,-0.520529387176,-20.6807617578634));
#1328=CARTESIAN_POINT('Ctrl Pts',(0.218766829654721,-0.738548786912897,
-20.7205804636623));
#1329=CARTESIAN_POINT('Ctrl Pts',(-0.000365255670142835,-0.73989744284598,
-20.7395225593024));
#1330=CARTESIAN_POINT('Ctrl Pts',(0.663714283216835,-0.324968229607084,
-19.8685084761921));
#1331=CARTESIAN_POINT('Ctrl Pts',(0.557147768352784,-0.542619407734339,
-19.8893850863508));
#1332=CARTESIAN_POINT('Ctrl Pts',(0.115225066264857,-0.861506310616995,
-19.9311383066682));
#1333=CARTESIAN_POINT('Ctrl Pts',(-0.654891324444909,-0.572651036697677,
-19.9937681371444));
#1334=CARTESIAN_POINT('Ctrl Pts',(-0.838811711054727,0.227883215351795,
-20.0563979676205));
#1335=CARTESIAN_POINT('Ctrl Pts',(-0.275220404726893,0.824715977091827,
-20.1190277980967));
#1336=CARTESIAN_POINT('Ctrl Pts',(0.534407664689664,0.685884631310223,-20.1816576285729));
#1337=CARTESIAN_POINT('Ctrl Pts',(0.866966663696436,-0.0650280775893309,
-20.244287459049));
#1338=CARTESIAN_POINT('Ctrl Pts',(0.426096666813466,-0.757868444704566,
-20.3069172895251));
#1339=CARTESIAN_POINT('Ctrl Pts',(-0.395023764911242,-0.774524475689728,
-20.3695471200013));
#1340=CARTESIAN_POINT('Ctrl Pts',(-0.863649820926631,-0.100095059868373,
-20.4321769504775));
#1341=CARTESIAN_POINT('Ctrl Pts',(-0.561698659815431,0.663637528580303,
-20.4948067809536));
#1342=CARTESIAN_POINT('Ctrl Pts',(0.241438737539769,0.835241002417704,-20.5574366114298));
#1343=CARTESIAN_POINT('Ctrl Pts',(0.829147106893249,0.261596172776748,-20.6200664419059));
#1344=CARTESIAN_POINT('Ctrl Pts',(0.677048663500226,-0.545457723526774,
-20.6826962723821));
#1345=CARTESIAN_POINT('Ctrl Pts',(-0.0791498201644901,-0.865825715436225,
-20.7453261028582));
#1346=CARTESIAN_POINT('Ctrl Pts',(-0.764726001487863,-0.413657693260774,
-20.8079559333344));
#1347=CARTESIAN_POINT('Ctrl Pts',(-0.767973285939877,0.407597596435346,
-20.8705857638105));
#1348=CARTESIAN_POINT('Ctrl Pts',(-0.0859937872754677,0.865172696026693,
-20.9332155942867));
#1349=CARTESIAN_POINT('Ctrl Pts',(0.67271385751054,0.550794659030919,-20.9958454247628));
#1350=CARTESIAN_POINT('Ctrl Pts',(0.831190457902147,-0.25503165410111,-21.058475255239));
#1351=CARTESIAN_POINT('Ctrl Pts',(0.248034694300082,-0.833305168388752,
-21.1211050857151));
#1352=CARTESIAN_POINT('Ctrl Pts',(-0.556430805943053,-0.668059479412466,
-21.1837349161913));
#1353=CARTESIAN_POINT('Ctrl Pts',(-0.864419148107747,0.0932644117540839,
-21.2463647466674));
#1354=CARTESIAN_POINT('Ctrl Pts',(-0.401126740799726,0.771372834849027,
-21.3089945771436));
#1355=CARTESIAN_POINT('Ctrl Pts',(0.420072280675465,0.761221381256276,-21.3716244076198));
#1356=CARTESIAN_POINT('Ctrl Pts',(0.866460468843756,0.0718677187826215,
-21.4342542380959));
#1357=CARTESIAN_POINT('Ctrl Pts',(0.53974653488465,-0.681610145430371,-21.4968840685721));
#1358=CARTESIAN_POINT('Ctrl Pts',(-0.268557967969267,-0.826919180070129,
-21.5595138990482));
#1359=CARTESIAN_POINT('Ctrl Pts',(-0.837240767787516,-0.234406934346508,
-21.6221437295244));
#1360=CARTESIAN_POINT('Ctrl Pts',(-0.658892814632858,0.567255646653675,
-21.6847735600005));
#1361=CARTESIAN_POINT('Ctrl Pts',(0.107354350850573,0.862782566231722,-21.7474033904767));
#1362=CARTESIAN_POINT('Ctrl Pts',(0.77781426616612,0.38848898214697,-21.8100332209529));
#1363=CARTESIAN_POINT('Ctrl Pts',(0.754266893864794,-0.4324351319253,-21.872663051429));
#1364=CARTESIAN_POINT('Ctrl Pts',(0.0577225223088787,-0.867517628534646,
-21.9352928819052));
#1365=CARTESIAN_POINT('Ctrl Pts',(-0.690325044015792,-0.52855472956143,
-21.9979227123813));
#1366=CARTESIAN_POINT('Ctrl Pts',(-0.822427710286982,0.282012776124688,
-22.0605525428575));
#1367=CARTESIAN_POINT('Ctrl Pts',(-0.220716962834665,0.840953557492782,
-22.1231823733336));
#1368=CARTESIAN_POINT('Ctrl Pts',(0.57792985551945,0.649550693173149,-22.1858122038098));
#1369=CARTESIAN_POINT('Ctrl Pts',(0.860915642117095,-0.121415565884265,
-22.2484420342859));
#1370=CARTESIAN_POINT('Ctrl Pts',(0.375749164127868,-0.784048953676834,
-22.3110718647621));
#1371=CARTESIAN_POINT('Ctrl Pts',(-0.44468549190013,-0.74711108081206,-22.3737016952382));
#1372=CARTESIAN_POINT('Ctrl Pts',(-0.868338813473043,-0.0435630487096645,
-22.4363315257144));
#1373=CARTESIAN_POINT('Ctrl Pts',(-0.517232063136547,0.698858305488753,
-22.4989613561905));
#1374=CARTESIAN_POINT('Ctrl Pts',(0.295411579951283,0.817713242756379,-22.5615911866667));
#1375=CARTESIAN_POINT('Ctrl Pts',(0.844405536080516,0.20697617609877,-22.6242210171428));
#1376=CARTESIAN_POINT('Ctrl Pts',(0.640107404122436,-0.58846562408883,-22.686850847619));
#1377=CARTESIAN_POINT('Ctrl Pts',(-0.135583666095276,-0.858789720209042,
-22.7494806780952));
#1378=CARTESIAN_POINT('Ctrl Pts',(-0.789804201567803,-0.36296717431123,
-22.8121105085713));
#1379=CARTESIAN_POINT('Ctrl Pts',(-0.740288851447947,0.456929177319648,
-22.8747403390475));
#1380=CARTESIAN_POINT('Ctrl Pts',(-0.0282866468775286,0.868717333047449,
-22.9373701695236));
#1381=CARTESIAN_POINT('Ctrl Pts',(0.460135080626893,0.626996941784356,-22.9791233898411));
#1382=CARTESIAN_POINT('Ctrl Pts',(0.601104350277921,0.42987737795441,-22.9999999999998));
#1383=CARTESIAN_POINT('Ctrl Pts',(0.731896930038052,-0.358351862576416,
-19.912338984128));
#1384=CARTESIAN_POINT('Ctrl Pts',(0.614382952945635,-0.598362109633974,
-19.9332155942868));
#1385=CARTESIAN_POINT('Ctrl Pts',(0.127062012066313,-0.950007917402299,
-19.9749688146042));
#1386=CARTESIAN_POINT('Ctrl Pts',(-0.72216759830252,-0.631478855194701,
-20.0375986450803));
#1387=CARTESIAN_POINT('Ctrl Pts',(-0.924981926297269,0.251293410343391,
-20.1002284755565));
#1388=CARTESIAN_POINT('Ctrl Pts',(-0.303493497724888,0.909438152907191,
-20.1628583060327));
#1389=CARTESIAN_POINT('Ctrl Pts',(0.589306783152932,0.756344813890695,-20.2254881365088));
#1390=CARTESIAN_POINT('Ctrl Pts',(0.95602920661789,-0.0717083413110109,
-20.288117966985));
#1391=CARTESIAN_POINT('Ctrl Pts',(0.469869114204884,-0.835723446184703,
-20.3507477974611));
#1392=CARTESIAN_POINT('Ctrl Pts',(-0.435604126868181,-0.854090533126957,
-20.4133776279373));
#1393=CARTESIAN_POINT('Ctrl Pts',(-0.952371628195929,-0.11037771655986,
-20.4760074584134));
#1394=CARTESIAN_POINT('Ctrl Pts',(-0.619401352541174,0.731812290481141,
-20.5386372888896));
#1395=CARTESIAN_POINT('Ctrl Pts',(0.266241476590143,0.92104440264352,-20.6012671193658));
#1396=CARTESIAN_POINT('Ctrl Pts',(0.914324487856233,0.288469663236788,-20.6638969498419));
#1397=CARTESIAN_POINT('Ctrl Pts',(0.746601136712757,-0.60149200252236,-20.7265267803181));
#1398=CARTESIAN_POINT('Ctrl Pts',(-0.087280795149811,-0.954771049983183,
-20.7891566107942));
#1399=CARTESIAN_POINT('Ctrl Pts',(-0.84328547232181,-0.456152298420965,
-20.8517864412704));
#1400=CARTESIAN_POINT('Ctrl Pts',(-0.846866346775604,0.449469654436313,
-20.9144162717465));
#1401=CARTESIAN_POINT('Ctrl Pts',(-0.094827835562339,0.954050946599574,
-20.9770461022226));
#1402=CARTESIAN_POINT('Ctrl Pts',(0.741821020815917,0.60737719560931,-21.0396759326988));
#1403=CARTESIAN_POINT('Ctrl Pts',(0.916577750093044,-0.281230778693587,
-21.102305763175));
#1404=CARTESIAN_POINT('Ctrl Pts',(0.273515028818281,-0.91890970248913,-21.1649355936511));
#1405=CARTESIAN_POINT('Ctrl Pts',(-0.613592337766926,-0.736688503515395,
-21.2275654241273));
#1406=CARTESIAN_POINT('Ctrl Pts',(-0.953219987522063,0.102845363390073,
-21.2901952546034));
#1407=CARTESIAN_POINT('Ctrl Pts',(-0.442334054835425,0.850615127648695,
-21.3528250850796));
#1408=CARTESIAN_POINT('Ctrl Pts',(0.463225849427758,0.839420826263547,-21.4154549155558));
#1409=CARTESIAN_POINT('Ctrl Pts',(0.955471010918254,0.0792506114090303,
-21.4780847460319));
#1410=CARTESIAN_POINT('Ctrl Pts',(0.595194109679411,-0.751631214723002,
-21.5407145765081));
#1411=CARTESIAN_POINT('Ctrl Pts',(-0.296146636081579,-0.911867688532453,
-21.6033444069842));
#1412=CARTESIAN_POINT('Ctrl Pts',(-0.923249601735917,-0.258487303898796,
-21.6659742374604));
#1413=CARTESIAN_POINT('Ctrl Pts',(-0.726580157227643,0.625529202596558,
-21.7286040679365));
#1414=CARTESIAN_POINT('Ctrl Pts',(0.118382746613412,0.951415281368969,-21.7912338984127));
#1415=CARTESIAN_POINT('Ctrl Pts',(0.857718280202806,0.428398032974204,-21.8538637288888));
#1416=CARTESIAN_POINT('Ctrl Pts',(0.831751911942245,-0.476858722947394,
-21.916493559365));
#1417=CARTESIAN_POINT('Ctrl Pts',(0.06365229427814,-0.956636771474999,-21.9791233898411));
#1418=CARTESIAN_POINT('Ctrl Pts',(-0.761241385366533,-0.58285258236144,
-22.0417532203173));
#1419=CARTESIAN_POINT('Ctrl Pts',(-0.906914814940957,0.310983642052696,
-22.1043830507934));
#1420=CARTESIAN_POINT('Ctrl Pts',(-0.243390976495288,0.9273438022916,-22.1670128812696));
#1421=CARTESIAN_POINT('Ctrl Pts',(0.637299961335667,0.716278329785774,-22.2296427117458));
#1422=CARTESIAN_POINT('Ctrl Pts',(0.949356570169493,-0.133888454982207,
-22.2922725422219));
#1423=CARTESIAN_POINT('Ctrl Pts',(0.414349467298877,-0.864593450384049,
-22.354902372698));
#1424=CARTESIAN_POINT('Ctrl Pts',(-0.490367549085628,-0.823860989993364,
-22.4175322031742));
#1425=CARTESIAN_POINT('Ctrl Pts',(-0.957542315849446,-0.0480382333481993,
-22.4801620336504));
#1426=CARTESIAN_POINT('Ctrl Pts',(-0.570366750723084,0.77065125951449,-22.5427918641265));
#1427=CARTESIAN_POINT('Ctrl Pts',(0.325758890431166,0.901716035285818,-22.6054216946027));
#1428=CARTESIAN_POINT('Ctrl Pts',(0.931150398887163,0.228238613675,-22.6680515250788));
#1429=CARTESIAN_POINT('Ctrl Pts',(0.705864941916252,-0.648918057957223,
-22.730681355555));
#1430=CARTESIAN_POINT('Ctrl Pts',(-0.149512028726397,-0.94701225461482,
-22.7933111860311));
#1431=CARTESIAN_POINT('Ctrl Pts',(-0.870939928634588,-0.400254397563096,
-22.8559410165073));
#1432=CARTESIAN_POINT('Ctrl Pts',(-0.816337920422812,0.503869014998739,
-22.9185708469834));
#1433=CARTESIAN_POINT('Ctrl Pts',(-0.0311925033621303,0.957959720328259,
-22.9812006774596));
#1434=CARTESIAN_POINT('Ctrl Pts',(0.507404257267746,0.691407656033968,-23.022953897777));
#1435=CARTESIAN_POINT('Ctrl Pts',(0.662855146748734,0.474038213691497,-23.0438305079358));
#1436=CARTESIAN_POINT('Ctrl Pts',(0.800079576859268,-0.391735495545748,
-19.956169492064));
#1437=CARTESIAN_POINT('Ctrl Pts',(0.671618137538486,-0.654104811533611,
-19.9770461022227));
#1438=CARTESIAN_POINT('Ctrl Pts',(0.138898957867769,-1.0385095241876,-20.0187993225402));
#1439=CARTESIAN_POINT('Ctrl Pts',(-0.789443872160132,-0.690306673691724,
-20.0814291530163));
#1440=CARTESIAN_POINT('Ctrl Pts',(-1.01115214153981,0.274703605334986,-20.1440589834925));
#1441=CARTESIAN_POINT('Ctrl Pts',(-0.331766590722883,0.994160328722554,
-20.2066888139686));
#1442=CARTESIAN_POINT('Ctrl Pts',(0.644205901616201,0.826804996471168,-20.2693186444448));
#1443=CARTESIAN_POINT('Ctrl Pts',(1.04509174953934,-0.0783886050326915,
-20.331948474921));
#1444=CARTESIAN_POINT('Ctrl Pts',(0.5136415615963,-0.913578447664838,-20.3945783053971));
#1445=CARTESIAN_POINT('Ctrl Pts',(-0.476184488825117,-0.933656590564187,
-20.4572081358733));
#1446=CARTESIAN_POINT('Ctrl Pts',(-1.04109343546523,-0.120660373251347,
-20.5198379663494));
#1447=CARTESIAN_POINT('Ctrl Pts',(-0.677104045266914,0.79998705238198,-20.5824677968256));
#1448=CARTESIAN_POINT('Ctrl Pts',(0.291044215640515,1.00684780286934,-20.6450976273017));
#1449=CARTESIAN_POINT('Ctrl Pts',(0.999501868819218,0.315343153696829,-20.7077274577779));
#1450=CARTESIAN_POINT('Ctrl Pts',(0.816153609925287,-0.657526281517949,
-20.770357288254));
#1451=CARTESIAN_POINT('Ctrl Pts',(-0.0954117701351323,-1.04371638453014,
-20.8329871187302));
#1452=CARTESIAN_POINT('Ctrl Pts',(-0.921844943155755,-0.498646903581158,
-20.8956169492063));
#1453=CARTESIAN_POINT('Ctrl Pts',(-0.925759407611333,0.491341712437282,
-20.9582467796825));
#1454=CARTESIAN_POINT('Ctrl Pts',(-0.10366188384921,1.04292919717246,-21.0208766101586));
#1455=CARTESIAN_POINT('Ctrl Pts',(0.810928184121294,0.663959732187703,-21.0835064406348));
#1456=CARTESIAN_POINT('Ctrl Pts',(1.00196504228394,-0.307429903286065,-21.146136271111));
#1457=CARTESIAN_POINT('Ctrl Pts',(0.298995363336481,-1.00451423658951,-21.2087661015871));
#1458=CARTESIAN_POINT('Ctrl Pts',(-0.670753869590798,-0.805317527618324,
-21.2713959320633));
#1459=CARTESIAN_POINT('Ctrl Pts',(-1.04202082693638,0.112426315026061,-21.3340257625394));
#1460=CARTESIAN_POINT('Ctrl Pts',(-0.483541368871122,0.929857420448363,
-21.3966555930155));
#1461=CARTESIAN_POINT('Ctrl Pts',(0.50637941818005,0.917620271270818,-21.4592854234918));
#1462=CARTESIAN_POINT('Ctrl Pts',(1.04448155299275,0.0866335040354386,-21.5219152539679));
#1463=CARTESIAN_POINT('Ctrl Pts',(0.65064168447417,-0.821652284015634,-21.584545084444));
#1464=CARTESIAN_POINT('Ctrl Pts',(-0.323735304193891,-0.996816196994778,
-21.6471749149202));
#1465=CARTESIAN_POINT('Ctrl Pts',(-1.00925843568432,-0.282567673451085,
-21.7098047453963));
#1466=CARTESIAN_POINT('Ctrl Pts',(-0.794267499822427,0.68380275853944,-21.7724345758725));
#1467=CARTESIAN_POINT('Ctrl Pts',(0.12941114237625,1.04004799650621,-21.8350644063486));
#1468=CARTESIAN_POINT('Ctrl Pts',(0.937622294239491,0.468307083801438,-21.8976942368248));
#1469=CARTESIAN_POINT('Ctrl Pts',(0.909236930019697,-0.521282313969488,
-21.960324067301));
#1470=CARTESIAN_POINT('Ctrl Pts',(0.0695820662474019,-1.04575591441535,
-22.0229538977771));
#1471=CARTESIAN_POINT('Ctrl Pts',(-0.832157726717275,-0.637150435161449,
-22.0855837282533));
#1472=CARTESIAN_POINT('Ctrl Pts',(-0.991401919594932,0.339954507980703,
-22.1482135587294));
#1473=CARTESIAN_POINT('Ctrl Pts',(-0.266064990155911,1.01373404709042,-22.2108433892056));
#1474=CARTESIAN_POINT('Ctrl Pts',(0.696670067151883,0.783005966398398,-22.2734732196818));
#1475=CARTESIAN_POINT('Ctrl Pts',(1.03779749822189,-0.146361344080147,-22.3361030501579));
#1476=CARTESIAN_POINT('Ctrl Pts',(0.452949770469887,-0.945137947091266,
-22.3987328806341));
#1477=CARTESIAN_POINT('Ctrl Pts',(-0.536049606271127,-0.900610899174666,
-22.4613627111102));
#1478=CARTESIAN_POINT('Ctrl Pts',(-1.04674581822585,-0.0525134179867344,
-22.5239925415864));
#1479=CARTESIAN_POINT('Ctrl Pts',(-0.623501438309622,0.842444213540228,
-22.5866223720625));
#1480=CARTESIAN_POINT('Ctrl Pts',(0.356106200911049,0.985718827815257,-22.6492522025387));
#1481=CARTESIAN_POINT('Ctrl Pts',(1.01789526169381,0.249501051251229,-22.7118820330148));
#1482=CARTESIAN_POINT('Ctrl Pts',(0.771622479710067,-0.709370491825616,
-22.774511863491));
#1483=CARTESIAN_POINT('Ctrl Pts',(-0.163440391357517,-1.0352347890206,-22.8371416939671));
#1484=CARTESIAN_POINT('Ctrl Pts',(-0.952075655701374,-0.437541620814963,
-22.8997715244433));
#1485=CARTESIAN_POINT('Ctrl Pts',(-0.892386989397676,0.550808852677831,
-22.9624013549194));
#1486=CARTESIAN_POINT('Ctrl Pts',(-0.0340983598467321,1.04720210760907,
-23.0250311853956));
#1487=CARTESIAN_POINT('Ctrl Pts',(0.554673433908599,0.75581837028358,-23.066784405713));
#1488=CARTESIAN_POINT('Ctrl Pts',(0.724605943219548,0.518199049428584,-23.0876610158717));
#1489=CARTESIAN_POINT('Ctrl Pts',(0.868262223680484,-0.42511912851508,-20.));
#1490=CARTESIAN_POINT('Ctrl Pts',(0.728853322131336,-0.709847513433246,
-20.0208766101587));
#1491=CARTESIAN_POINT('Ctrl Pts',(0.150735903669224,-1.12701113097291,-20.0626298304762));
#1492=CARTESIAN_POINT('Ctrl Pts',(-0.856720146017743,-0.749134492188747,
-20.1252596609523));
#1493=CARTESIAN_POINT('Ctrl Pts',(-1.09732235678235,0.29811380032658,-20.1878894914285));
#1494=CARTESIAN_POINT('Ctrl Pts',(-0.360039683720879,1.07888250453792,-20.2505193219046));
#1495=CARTESIAN_POINT('Ctrl Pts',(0.69910502007947,0.89726517905164,-20.3131491523808));
#1496=CARTESIAN_POINT('Ctrl Pts',(1.1341542924608,-0.0850688687543712,-20.3757789828569));
#1497=CARTESIAN_POINT('Ctrl Pts',(0.557414008987718,-0.991433449144975,
-20.4384088133331));
#1498=CARTESIAN_POINT('Ctrl Pts',(-0.516764850782055,-1.01322264800142,
-20.5010386438092));
#1499=CARTESIAN_POINT('Ctrl Pts',(-1.12981524273453,-0.130943029942835,
-20.5636684742854));
#1500=CARTESIAN_POINT('Ctrl Pts',(-0.734806737992656,0.86816181428282,-20.6262983047615));
#1501=CARTESIAN_POINT('Ctrl Pts',(0.315846954690888,1.09265120309515,-20.6889281352377));
#1502=CARTESIAN_POINT('Ctrl Pts',(1.0846792497822,0.342216644156869,-20.7515579657138));
#1503=CARTESIAN_POINT('Ctrl Pts',(0.885706083137818,-0.713560560513537,
-20.81418779619));
#1504=CARTESIAN_POINT('Ctrl Pts',(-0.103542745120454,-1.13266171907709,
-20.8768176266662));
#1505=CARTESIAN_POINT('Ctrl Pts',(-1.0004044139897,-0.541141508741351,-20.9394474571423));
#1506=CARTESIAN_POINT('Ctrl Pts',(-1.00465246844706,0.533213770438249,-21.0020772876185));
#1507=CARTESIAN_POINT('Ctrl Pts',(-0.11249593213608,1.13180744774534,-21.0647071180946));
#1508=CARTESIAN_POINT('Ctrl Pts',(0.88003534742667,0.720542268766095,-21.1273369485708));
#1509=CARTESIAN_POINT('Ctrl Pts',(1.08735233447484,-0.333629027878542,-21.1899667790469));
#1510=CARTESIAN_POINT('Ctrl Pts',(0.32447569785468,-1.09011877068988,-21.2525966095231));
#1511=CARTESIAN_POINT('Ctrl Pts',(-0.727915401414671,-0.873946551721253,
-21.3152264399992));
#1512=CARTESIAN_POINT('Ctrl Pts',(-1.1308216663507,0.12200726666205,-21.3778562704754));
#1513=CARTESIAN_POINT('Ctrl Pts',(-0.524748682906821,1.00909971324803,-21.4404861009516));
#1514=CARTESIAN_POINT('Ctrl Pts',(0.549532986932342,0.995819716278089,-21.5031159314277));
#1515=CARTESIAN_POINT('Ctrl Pts',(1.13349209506725,0.0940163966618473,-21.5657457619039));
#1516=CARTESIAN_POINT('Ctrl Pts',(0.706089259268931,-0.891673353308264,
-21.62837559238));
#1517=CARTESIAN_POINT('Ctrl Pts',(-0.351323972306203,-1.0817647054571,-21.6910054228562));
#1518=CARTESIAN_POINT('Ctrl Pts',(-1.09526726963272,-0.306648043003373,
-21.7536352533324));
#1519=CARTESIAN_POINT('Ctrl Pts',(-0.861954842417211,0.742076314482322,
-21.8162650838084));
#1520=CARTESIAN_POINT('Ctrl Pts',(0.140439538139088,1.12868071164346,-21.8788949142847));
#1521=CARTESIAN_POINT('Ctrl Pts',(1.01752630827618,0.508216134628672,-21.9415247447608));
#1522=CARTESIAN_POINT('Ctrl Pts',(0.986721948097148,-0.565705904991582,
-22.004154575237));
#1523=CARTESIAN_POINT('Ctrl Pts',(0.0755118382166629,-1.13487505735571,
-22.0667844057131));
#1524=CARTESIAN_POINT('Ctrl Pts',(-0.903074068068016,-0.691448287961457,
-22.1294142361893));
#1525=CARTESIAN_POINT('Ctrl Pts',(-1.07588902424891,0.368925373908709,-22.1920440666654));
#1526=CARTESIAN_POINT('Ctrl Pts',(-0.288739003816534,1.10012429188924,-22.2546738971415));
#1527=CARTESIAN_POINT('Ctrl Pts',(0.756040172968099,0.849733603011023,-22.3173037276178));
#1528=CARTESIAN_POINT('Ctrl Pts',(1.12623842627429,-0.158834233178089,-22.3799335580938));
#1529=CARTESIAN_POINT('Ctrl Pts',(0.491550073640895,-1.02568244379848,-22.4425633885701));
#1530=CARTESIAN_POINT('Ctrl Pts',(-0.581731663456625,-0.97736080835597,
-22.5051932190461));
#1531=CARTESIAN_POINT('Ctrl Pts',(-1.13594932060225,-0.0569886026252688,
-22.5678230495224));
#1532=CARTESIAN_POINT('Ctrl Pts',(-0.676636125896158,0.914237167565965,
-22.6304528799985));
#1533=CARTESIAN_POINT('Ctrl Pts',(0.38645351139093,1.0697216203447,-22.6930827104747));
#1534=CARTESIAN_POINT('Ctrl Pts',(1.10464012450046,0.270763488827458,-22.7557125409508));
#1535=CARTESIAN_POINT('Ctrl Pts',(0.837380017503882,-0.769822925694008,
-22.818342371427));
#1536=CARTESIAN_POINT('Ctrl Pts',(-0.177368753988637,-1.12345732342638,
-22.8809722019031));
#1537=CARTESIAN_POINT('Ctrl Pts',(-1.03321138276816,-0.474828844066829,
-22.9436020323792));
#1538=CARTESIAN_POINT('Ctrl Pts',(-0.968436058372539,0.597748690356922,
-23.0062318628554));
#1539=CARTESIAN_POINT('Ctrl Pts',(-0.0370042163313346,1.13644449488988,
-23.0688616933316));
#1540=CARTESIAN_POINT('Ctrl Pts',(0.601942610549452,0.820229084533192,-23.110614913649));
#1541=CARTESIAN_POINT('Ctrl Pts',(0.786356739690361,0.56235988516567,-23.1314915238077));
#1542=CARTESIAN_POINT('',(-0.868262223681952,0.425119128512083,-22.9999999999998));
#1543=CARTESIAN_POINT('Ctrl Pts',(-0.869256974244818,0.426119372734245,
-22.9999999999998));
#1544=CARTESIAN_POINT('Ctrl Pts',(-0.852425801915871,0.452770887676333,
-22.9999999999998));
#1545=CARTESIAN_POINT('Ctrl Pts',(-0.834270256633711,0.478465357664219,
-22.9999999999998));
#1546=CARTESIAN_POINT('Ctrl Pts',(-0.814793301410842,0.503087929502057,
-22.9999999999998));
#1547=CARTESIAN_POINT('Ctrl Pts',(-0.788676205364347,0.536104900904521,
-22.9999999999998));
#1548=CARTESIAN_POINT('Ctrl Pts',(-0.760183611439467,0.567196461972263,
-22.9999999999998));
#1549=CARTESIAN_POINT('Ctrl Pts',(-0.729602499352545,0.59623772398427,-22.9999999999998));
#1550=CARTESIAN_POINT('Ctrl Pts',(-0.706455632426383,0.618219077221164,
-22.9999999999998));
#1551=CARTESIAN_POINT('Ctrl Pts',(-0.68211135062774,0.639024987977616,-22.9999999999998));
#1552=CARTESIAN_POINT('Ctrl Pts',(-0.656687021799123,0.658582777060335,
-22.9999999999998));
#1553=CARTESIAN_POINT('Ctrl Pts',(-0.643879975681455,0.668434659815252,
-22.9999999999998));
#1554=CARTESIAN_POINT('Ctrl Pts',(-0.630798815118594,0.677969572864423,
-22.9999999999998));
#1555=CARTESIAN_POINT('Ctrl Pts',(-0.617458412178607,0.687176551748532,
-22.9999999999998));
#1556=CARTESIAN_POINT('Ctrl Pts',(-0.610837886223376,0.691745757262467,
-22.9999999999998));
#1557=CARTESIAN_POINT('Ctrl Pts',(-0.604161685442345,0.696228533148413,
-22.9999999999998));
#1558=CARTESIAN_POINT('Ctrl Pts',(-0.597432395021745,0.700623854807609,
-22.9999999999998));
#1559=CARTESIAN_POINT('Ctrl Pts',(-0.563029545644578,0.72309451360733,-22.9999999999998));
#1560=CARTESIAN_POINT('Ctrl Pts',(-0.527236194596302,0.743286327601247,
-22.9999999999998));
#1561=CARTESIAN_POINT('Ctrl Pts',(-0.490319403359237,0.761078980606665,
-22.9999999999998));
#1562=CARTESIAN_POINT('Ctrl Pts',(-0.45444231305921,0.778370532693443,-22.9999999999998));
#1563=CARTESIAN_POINT('Ctrl Pts',(-0.417502968735861,0.793396234607174,
-22.9999999999998));
#1564=CARTESIAN_POINT('Ctrl Pts',(-0.379741258063633,0.805998272548499,
-22.9999999999998));
#1565=CARTESIAN_POINT('Ctrl Pts',(-0.362028910839641,0.811909330807595,
-22.9999999999998));
#1566=CARTESIAN_POINT('Ctrl Pts',(-0.344135665223421,0.817286455021617,
-22.9999999999998));
#1567=CARTESIAN_POINT('Ctrl Pts',(-0.326086958639285,0.82210954282685,-22.9999999999998));
#1568=CARTESIAN_POINT('Ctrl Pts',(-0.317893274092648,0.824299110252781,
-22.9999999999998));
#1569=CARTESIAN_POINT('Ctrl Pts',(-0.309667559832983,0.826374459608018,
-22.9999999999998));
#1570=CARTESIAN_POINT('Ctrl Pts',(-0.301412255069698,0.828333536899807,
-22.9999999999998));
#1571=CARTESIAN_POINT('Ctrl Pts',(-0.293138577221766,0.830296974332615,
-22.9999999999998));
#1572=CARTESIAN_POINT('Ctrl Pts',(-0.284842286155703,0.832141867495363,
-22.9999999999998));
#1573=CARTESIAN_POINT('Ctrl Pts',(-0.276532631587951,0.833865476863033,
-22.9999999999998));
#1574=CARTESIAN_POINT('Ctrl Pts',(-0.238549845926071,0.841743961418945,
-22.9999999999998));
#1575=CARTESIAN_POINT('Ctrl Pts',(-0.200242714705708,0.847103212439216,
-22.9999999999998));
#1576=CARTESIAN_POINT('Ctrl Pts',(-0.161841513871629,0.849807055494761,
-22.9999999999998));
#1577=CARTESIAN_POINT('Ctrl Pts',(-0.124727244020751,0.852420285253681,
-22.9999999999998));
#1578=CARTESIAN_POINT('Ctrl Pts',(-0.0875242046156312,0.852553018766157,
-22.9999999999998));
#1579=CARTESIAN_POINT('Ctrl Pts',(-0.0504525693407945,0.850035112184278,
-22.9999999999998));
#1580=CARTESIAN_POINT('Ctrl Pts',(-0.043127829622296,0.849537615642487,
-22.9999999999998));
#1581=CARTESIAN_POINT('Ctrl Pts',(-0.0358082828647091,0.848936490383516,
-22.9999999999998));
#1582=CARTESIAN_POINT('Ctrl Pts',(-0.0284957315991879,0.848230200639245,
-22.9999999999998));
#1583=CARTESIAN_POINT('Ctrl Pts',(-0.015289012734699,0.846954617091073,
-22.9999999999998));
#1584=CARTESIAN_POINT('Ctrl Pts',(-0.00210508195950371,0.845336033423564,
-22.9999999999998));
#1585=CARTESIAN_POINT('Ctrl Pts',(0.0110451135707957,0.843379027875607,
-22.9999999999998));
#1586=CARTESIAN_POINT('Ctrl Pts',(0.0186322798665112,0.842249909567079,
-22.9999999999998));
#1587=CARTESIAN_POINT('Ctrl Pts',(0.0262105377357086,0.841007702490604,
-22.9999999999998));
#1588=CARTESIAN_POINT('Ctrl Pts',(0.0337700633780717,0.839654602390735,
-22.9999999999998));
#1589=CARTESIAN_POINT('Ctrl Pts',(0.0707988359396143,0.833026721459919,
-22.9999999999998));
#1590=CARTESIAN_POINT('Ctrl Pts',(0.107261809323116,0.823765194337658,-22.9999999999998));
#1591=CARTESIAN_POINT('Ctrl Pts',(0.14293586812245,0.812037038823331,-22.9999999999998));
#1592=CARTESIAN_POINT('Ctrl Pts',(0.178642894957277,0.800298044782066,-22.9999999999998));
#1593=CARTESIAN_POINT('Ctrl Pts',(0.213560593529425,0.786086916265056,-22.9999999999998));
#1594=CARTESIAN_POINT('Ctrl Pts',(0.247434493924873,0.769529574541033,-22.9999999999998));
#1595=CARTESIAN_POINT('Ctrl Pts',(0.267554922089839,0.759694840398467,-22.9999999999998));
#1596=CARTESIAN_POINT('Ctrl Pts',(0.287306422399246,0.749031611260656,-22.9999999999998));
#1597=CARTESIAN_POINT('Ctrl Pts',(0.306628291926957,0.737561396845953,-22.9999999999998));
#1598=CARTESIAN_POINT('Ctrl Pts',(0.317389428663904,0.731173166890166,-22.9999999999998));
#1599=CARTESIAN_POINT('Ctrl Pts',(0.328022301792252,0.724530925383705,-22.9999999999998));
#1600=CARTESIAN_POINT('Ctrl Pts',(0.338486973261573,0.717657665754675,-22.9999999999998));
#1601=CARTESIAN_POINT('Ctrl Pts',(0.366006208339822,0.699582865409566,-22.9999999999998));
#1602=CARTESIAN_POINT('Ctrl Pts',(0.392397416638076,0.679894493032064,-22.9999999999998));
#1603=CARTESIAN_POINT('Ctrl Pts',(0.417481314932236,0.65867938318116,-22.9999999999998));
#1604=CARTESIAN_POINT('Ctrl Pts',(0.438772296007202,0.640672193985848,-22.9999999999998));
#1605=CARTESIAN_POINT('Ctrl Pts',(0.459121172502059,0.621564523856595,-22.9999999999998));
#1606=CARTESIAN_POINT('Ctrl Pts',(0.478399705915112,0.601401331091194,-22.9999999999998));
#1607=CARTESIAN_POINT('Ctrl Pts',(0.48477348689403,0.594735068063357,-22.9999999999998));
#1608=CARTESIAN_POINT('Ctrl Pts',(0.491030247364901,0.587952988354674,-22.9999999999998));
#1609=CARTESIAN_POINT('Ctrl Pts',(0.497155266619308,0.581068163848565,-22.9999999999998));
#1610=CARTESIAN_POINT('Ctrl Pts',(0.519902129390512,0.555499565328386,-22.9999999999998));
#1611=CARTESIAN_POINT('Ctrl Pts',(0.540871776883339,0.528478281655504,-22.9999999999998));
#1612=CARTESIAN_POINT('Ctrl Pts',(0.559833569708266,0.500096723389478,-22.9999999999998));
#1613=CARTESIAN_POINT('Ctrl Pts',(0.574906264673493,0.477536273840675,-22.9999999999998));
#1614=CARTESIAN_POINT('Ctrl Pts',(0.588709553567923,0.454115788009066,-22.9999999999998));
#1615=CARTESIAN_POINT('Ctrl Pts',(0.601104350277921,0.42987737795441,-22.9999999999998));
#1616=CARTESIAN_POINT('Ctrl Pts',(-0.000771331013535972,-0.967407680626741,
-22.8710140831103));
#1617=CARTESIAN_POINT('Ctrl Pts',(-0.0510737463419344,-0.967825144763525,
-22.8743334560413));
#1618=CARTESIAN_POINT('Ctrl Pts',(-0.101313845491345,-0.964230834701803,
-22.8776528289722));
#1619=CARTESIAN_POINT('Ctrl Pts',(-0.150884396869797,-0.956413510577725,
-22.8809722019031));
#1620=CARTESIAN_POINT('Ctrl Pts',(-0.462649630248474,-0.907247830306531,
-22.9018488120618));
#1621=CARTESIAN_POINT('Ctrl Pts',(-0.747930506508321,-0.691038337186678,
-22.9227254222205));
#1622=CARTESIAN_POINT('Ctrl Pts',(-0.879775057238971,-0.404170668222791,
-22.9436020323792));
#1623=CARTESIAN_POINT('Ctrl Pts',(-0.998500665252243,-0.145847224224967,
-22.9624013549194));
#1624=CARTESIAN_POINT('Ctrl Pts',(-0.992805577702103,0.169772556578598,
-22.9812006774596));
#1625=CARTESIAN_POINT('Ctrl Pts',(-0.869256974244838,0.426119372734202,
-22.9999999999998));
#1626=CARTESIAN_POINT('',(-0.601728391208076,-0.430756812943709,-20.));
#1627=CARTESIAN_POINT('Ctrl Pts',(-0.601728391208073,-0.430756812943713,
-20.));
#1628=CARTESIAN_POINT('Ctrl Pts',(-0.590706835179473,-0.452671863747124,
-20.));
#1629=CARTESIAN_POINT('Ctrl Pts',(-0.578566106100642,-0.473948463766226,
-20.));
#1630=CARTESIAN_POINT('Ctrl Pts',(-0.565330388734319,-0.494489796424975,
-20.));
#1631=CARTESIAN_POINT('Ctrl Pts',(-0.547395689786248,-0.522323770740882,
-20.));
#1632=CARTESIAN_POINT('Ctrl Pts',(-0.527452512172854,-0.548808966227192,
-20.));
#1633=CARTESIAN_POINT('Ctrl Pts',(-0.505738115405569,-0.573885618039915,
-20.));
#1634=CARTESIAN_POINT('Ctrl Pts',(-0.499898614751158,-0.580629306397469,
-20.));
#1635=CARTESIAN_POINT('Ctrl Pts',(-0.493930770916885,-0.587271049822824,
-20.));
#1636=CARTESIAN_POINT('Ctrl Pts',(-0.487838673372222,-0.593809485818153,
-20.));
#1637=CARTESIAN_POINT('Ctrl Pts',(-0.481545083886327,-0.60056417609235,
-20.));
#1638=CARTESIAN_POINT('Ctrl Pts',(-0.475124654213828,-0.607202348489426,
-20.));
#1639=CARTESIAN_POINT('Ctrl Pts',(-0.468585545015437,-0.613720066886966,
-20.));
#1640=CARTESIAN_POINT('Ctrl Pts',(-0.44327077786478,-0.638952024112558,
-20.));
#1641=CARTESIAN_POINT('Ctrl Pts',(-0.416168404097177,-0.662394195752642,
-20.));
#1642=CARTESIAN_POINT('Ctrl Pts',(-0.387562072550102,-0.683975314357336,
-20.));
#1643=CARTESIAN_POINT('Ctrl Pts',(-0.374777976733285,-0.693619860622294,
-20.));
#1644=CARTESIAN_POINT('Ctrl Pts',(-0.361692833275731,-0.702892464723585,
-20.));
#1645=CARTESIAN_POINT('Ctrl Pts',(-0.348328977294,-0.711785243716121,-20.));
#1646=CARTESIAN_POINT('Ctrl Pts',(-0.3409910786785,-0.716668139097999,-20.));
#1647=CARTESIAN_POINT('Ctrl Pts',(-0.333569120254487,-0.721436500223759,
-20.));
#1648=CARTESIAN_POINT('Ctrl Pts',(-0.326066601184032,-0.726088869775942,
-20.));
#1649=CARTESIAN_POINT('Ctrl Pts',(-0.318375478753965,-0.730858193716306,
-20.));
#1650=CARTESIAN_POINT('Ctrl Pts',(-0.310607143015333,-0.73550093576786,
-20.));
#1651=CARTESIAN_POINT('Ctrl Pts',(-0.302770417461747,-0.740013597684536,
-20.));
#1652=CARTESIAN_POINT('Ctrl Pts',(-0.270031614448299,-0.758865750735726,
-20.));
#1653=CARTESIAN_POINT('Ctrl Pts',(-0.236079366215139,-0.77546453221469,
-20.));
#1654=CARTESIAN_POINT('Ctrl Pts',(-0.201215319887809,-0.789732313583028,
-20.));
#1655=CARTESIAN_POINT('Ctrl Pts',(-0.166110270347251,-0.804098723238029,
-20.));
#1656=CARTESIAN_POINT('Ctrl Pts',(-0.130079711565405,-0.816102664400155,
-20.));
#1657=CARTESIAN_POINT('Ctrl Pts',(-0.0933910043847024,-0.825630431941444,
-20.));
#1658=CARTESIAN_POINT('Ctrl Pts',(-0.0814206193669223,-0.828739046406037,
-20.));
#1659=CARTESIAN_POINT('Ctrl Pts',(-0.0693799224627825,-0.831583741126425,
-20.));
#1660=CARTESIAN_POINT('Ctrl Pts',(-0.0572775757341851,-0.834159537386786,
-20.));
#1661=CARTESIAN_POINT('Ctrl Pts',(-0.0482019452704107,-0.836091144167955,
-20.));
#1662=CARTESIAN_POINT('Ctrl Pts',(-0.039091639513534,-0.837871522525687,
-20.));
#1663=CARTESIAN_POINT('Ctrl Pts',(-0.0299502357213022,-0.839498358364485,
-20.));
#1664=CARTESIAN_POINT('Ctrl Pts',(-0.0224349475188861,-0.840835805048219,
-20.));
#1665=CARTESIAN_POINT('Ctrl Pts',(-0.0149083672773565,-0.842067733514963,
-20.));
#1666=CARTESIAN_POINT('Ctrl Pts',(-0.00737337888975299,-0.843193480749362,
-20.));
#1667=CARTESIAN_POINT('Ctrl Pts',(0.0326405602485837,-0.849171669301915,
-20.));
#1668=CARTESIAN_POINT('Ctrl Pts',(0.0728940089792066,-0.852160114801066,
-20.));
#1669=CARTESIAN_POINT('Ctrl Pts',(0.113065436919052,-0.852049235124875,
-20.));
#1670=CARTESIAN_POINT('Ctrl Pts',(0.150423462658927,-0.851946120896439,
-20.));
#1671=CARTESIAN_POINT('Ctrl Pts',(0.187712001247977,-0.849163271384149,
-20.));
#1672=CARTESIAN_POINT('Ctrl Pts',(0.224742627072935,-0.843870116864603,
-20.));
#1673=CARTESIAN_POINT('Ctrl Pts',(0.242317332789063,-0.841357989917823,
-20.));
#1674=CARTESIAN_POINT('Ctrl Pts',(0.259834105323184,-0.8382797082992,-20.));
#1675=CARTESIAN_POINT('Ctrl Pts',(0.277273234738483,-0.834649590902628,
-20.));
#1676=CARTESIAN_POINT('Ctrl Pts',(0.285586059258129,-0.832919198967068,
-20.));
#1677=CARTESIAN_POINT('Ctrl Pts',(0.293883655151473,-0.831062800793841,
-20.));
#1678=CARTESIAN_POINT('Ctrl Pts',(0.302156082934282,-0.829083643314168,
-20.));
#1679=CARTESIAN_POINT('Ctrl Pts',(0.340466048411514,-0.819918080711393,
-20.));
#1680=CARTESIAN_POINT('Ctrl Pts',(0.378095870473435,-0.808159014300586,
-20.));
#1681=CARTESIAN_POINT('Ctrl Pts',(0.414834260389449,-0.794020674301018,
-20.));
#1682=CARTESIAN_POINT('Ctrl Pts',(0.452512962914989,-0.779520465983057,
-20.));
#1683=CARTESIAN_POINT('Ctrl Pts',(0.489255064622794,-0.762517487636429,
-20.));
#1684=CARTESIAN_POINT('Ctrl Pts',(0.524837888596073,-0.74318808142595,-20.));
#1685=CARTESIAN_POINT('Ctrl Pts',(0.542730506870035,-0.733468400743883,
-20.));
#1686=CARTESIAN_POINT('Ctrl Pts',(0.560329981514454,-0.723159639500879,
-20.));
#1687=CARTESIAN_POINT('Ctrl Pts',(0.577607148131859,-0.712279398530981,
-20.));
#1688=CARTESIAN_POINT('Ctrl Pts',(0.587624158286194,-0.705971218104725,
-20.));
#1689=CARTESIAN_POINT('Ctrl Pts',(0.597532808588983,-0.699470877725838,
-20.));
#1690=CARTESIAN_POINT('Ctrl Pts',(0.607327226414727,-0.692781346945339,
-20.));
#1691=CARTESIAN_POINT('Ctrl Pts',(0.614538908414325,-0.687855809810432,
-20.));
#1692=CARTESIAN_POINT('Ctrl Pts',(0.621689490631865,-0.682826934600401,
-20.));
#1693=CARTESIAN_POINT('Ctrl Pts',(0.628762659497876,-0.677706338820446,
-20.));
#1694=CARTESIAN_POINT('Ctrl Pts',(0.663006111656356,-0.65291591179468,-20.));
#1695=CARTESIAN_POINT('Ctrl Pts',(0.695512817832095,-0.62592855368417,-20.));
#1696=CARTESIAN_POINT('Ctrl Pts',(0.726048976373884,-0.596944107560777,
-20.));
#1697=CARTESIAN_POINT('Ctrl Pts',(0.756443482241557,-0.568094115949582,
-20.));
#1698=CARTESIAN_POINT('Ctrl Pts',(0.784886860726245,-0.537264994574155,
-20.));
#1699=CARTESIAN_POINT('Ctrl Pts',(0.811132790872217,-0.504605817344445,
-20.));
#1700=CARTESIAN_POINT('Ctrl Pts',(0.831548921925384,-0.479200962622133,
-20.));
#1701=CARTESIAN_POINT('Ctrl Pts',(0.850635263813344,-0.452687722097514,
-20.));
#1702=CARTESIAN_POINT('Ctrl Pts',(0.868262223680483,-0.425119128515083,
-20.));
#1703=CARTESIAN_POINT('Ctrl Pts',(-0.601728391208076,-0.430756812943709,
-20.));
#1704=CARTESIAN_POINT('Ctrl Pts',(-0.727165050989396,-0.253038658279696,
-20.0187993225402));
#1705=CARTESIAN_POINT('Ctrl Pts',(-0.820118681971733,0.247678787156447,
-20.0584752552391));
#1706=CARTESIAN_POINT('Ctrl Pts',(-0.275220404726893,0.824715977091827,
-20.1190277980967));
#1707=CARTESIAN_POINT('Ctrl Pts',(0.534407664689664,0.685884631310223,-20.1816576285729));
#1708=CARTESIAN_POINT('Ctrl Pts',(0.866966663696436,-0.0650280775893309,
-20.244287459049));
#1709=CARTESIAN_POINT('Ctrl Pts',(0.496547269883944,-0.647153217903145,
-20.2969091026255));
#1710=CARTESIAN_POINT('Ctrl Pts',(0.126546601282019,-0.73774893499947,-20.3286541360433));
#1711=CARTESIAN_POINT('Ctrl Pts',(-7.40377642153862E-5,-0.737871343599682,
-20.3395225593024));
#1712=CARTESIAN_POINT('Origin',(0.,0.,-19.2604774406976));
#1713=CARTESIAN_POINT('',(-0.601104350279411,0.429877377952327,-20.));
#1714=CARTESIAN_POINT('Origin',(0.,0.,-20.));
#1715=CARTESIAN_POINT('Ctrl Pts',(-0.601104350279411,0.429877377952327,
-20.));
#1716=CARTESIAN_POINT('Ctrl Pts',(-0.460135080629066,0.626996941782761,
-20.0208766101587));
#1717=CARTESIAN_POINT('Ctrl Pts',(0.0282860823285292,0.86871765838179,-20.0626298304762));
#1718=CARTESIAN_POINT('Ctrl Pts',(0.740289137845259,0.456928970468626,-20.1252596609523));
#1719=CARTESIAN_POINT('Ctrl Pts',(0.78980396491744,-0.362967069728357,-20.1878894914285));
#1720=CARTESIAN_POINT('Ctrl Pts',(0.318983590393623,-0.719794038262176,
-20.2329620846769));
#1721=CARTESIAN_POINT('Ctrl Pts',(0.0390416712411676,-0.739821834446163,
-20.2571580677666));
#1722=CARTESIAN_POINT('Ctrl Pts',(0.000589658239354648,-0.739502718275067,
-20.2604774406976));
#1723=CARTESIAN_POINT('Ctrl Pts',(-0.786356739692319,0.562359885162933,
-19.8685084761921));
#1724=CARTESIAN_POINT('Ctrl Pts',(-0.601942610552306,0.820229084531098,
-19.8893850863508));
#1725=CARTESIAN_POINT('Ctrl Pts',(0.0370034777958052,1.13644492048795,-19.9311383066682));
#1726=CARTESIAN_POINT('Ctrl Pts',(0.968436433033696,0.59774841975717,-19.9937681371444));
#1727=CARTESIAN_POINT('Ctrl Pts',(1.0332110731853,-0.474828707252887,-20.0563979676205));
#1728=CARTESIAN_POINT('Ctrl Pts',(0.177368904406531,-1.12345732052734,-20.1190277980967));
#1729=CARTESIAN_POINT('Ctrl Pts',(-0.837380072342621,-0.769822864037005,
-20.1816576285728));
#1730=CARTESIAN_POINT('Ctrl Pts',(-1.10464001335615,0.270763464887274,-20.244287459049));
#1731=CARTESIAN_POINT('Ctrl Pts',(-0.386453525458119,1.06972157235435,-20.3069172895252));
#1732=CARTESIAN_POINT('Ctrl Pts',(0.676636111613347,0.914237120656734,-20.3695471200013));
#1733=CARTESIAN_POINT('Ctrl Pts',(1.1359492539305,-0.0569885990413257,-20.4321769504775));
#1734=CARTESIAN_POINT('Ctrl Pts',(0.581731640935272,-0.977360760567398,
-20.4948067809536));
#1735=CARTESIAN_POINT('Ctrl Pts',(-0.491550052866491,-1.02568239326655,
-20.5574366114298));
#1736=CARTESIAN_POINT('Ctrl Pts',(-1.12623836898709,-0.15883422538345,-20.6200664419059));
#1737=CARTESIAN_POINT('Ctrl Pts',(-0.756040136833233,0.849733561206017,
-20.6826962723821));
#1738=CARTESIAN_POINT('Ctrl Pts',(0.288738990187923,1.10012423779448,-20.7453261028582));
#1739=CARTESIAN_POINT('Ctrl Pts',(1.07588897101482,0.368925355756321,-20.8079559333344));
#1740=CARTESIAN_POINT('Ctrl Pts',(0.903074023826276,-0.691448253942242,
-20.8705857638105));
#1741=CARTESIAN_POINT('Ctrl Pts',(-0.0755118345927973,-1.1348750015433,
-20.9332155942867));
#1742=CARTESIAN_POINT('Ctrl Pts',(-0.986721899513037,-0.565705877168056,
-20.9958454247629));
#1743=CARTESIAN_POINT('Ctrl Pts',(-1.01752625825952,0.508216109626996,-21.058475255239));
#1744=CARTESIAN_POINT('Ctrl Pts',(-0.140439531220656,1.12868065613098,-21.1211050857152));
#1745=CARTESIAN_POINT('Ctrl Pts',(0.861954800012022,0.742076277986309,-21.1837349161913));
#1746=CARTESIAN_POINT('Ctrl Pts',(1.09526721576849,-0.306648027916971,-21.2463647466675));
#1747=CARTESIAN_POINT('Ctrl Pts',(0.351323955027911,-1.08176465225041,-21.3089945771436));
#1748=CARTESIAN_POINT('Ctrl Pts',(-0.706089224535848,-0.891673309454549,
-21.3716244076198));
#1749=CARTESIAN_POINT('Ctrl Pts',(-1.13349203931911,0.0940163920338812,
-21.4342542380959));
#1750=CARTESIAN_POINT('Ctrl Pts',(-0.549532959905965,0.995819667297373,
-21.4968840685721));
#1751=CARTESIAN_POINT('Ctrl Pts',(0.524748657091541,1.00909966361878,-21.5595138990482));
#1752=CARTESIAN_POINT('Ctrl Pts',(1.13082161073614,0.122007260664097,-21.6221437295244));
#1753=CARTESIAN_POINT('Ctrl Pts',(0.727915365607965,-0.873946508732428,
-21.6847735600005));
#1754=CARTESIAN_POINT('Ctrl Pts',(-0.324475681877228,-1.09011871707812,
-21.7474033904767));
#1755=CARTESIAN_POINT('Ctrl Pts',(-1.0873522810202,-0.333629011466606,-21.8100332209529));
#1756=CARTESIAN_POINT('Ctrl Pts',(-0.880035304095578,0.720542233312177,
-21.872663051429));
#1757=CARTESIAN_POINT('Ctrl Pts',(0.112495926507157,1.13180739209937,-21.9352928819052));
#1758=CARTESIAN_POINT('Ctrl Pts',(1.00465241920135,0.533213744179982,-21.9979227123813));
#1759=CARTESIAN_POINT('Ctrl Pts',(1.00040436447756,-0.541141482059462,-22.0605525428575));
#1760=CARTESIAN_POINT('Ctrl Pts',(0.103542740598364,-1.13266166347547,-22.1231823733336));
#1761=CARTESIAN_POINT('Ctrl Pts',(-0.885706040604192,-0.713560525239389,
-22.1858122038098));
#1762=CARTESIAN_POINT('Ctrl Pts',(-1.08467919456444,0.342216627022829,-22.2484420342859));
#1763=CARTESIAN_POINT('Ctrl Pts',(-0.315846942533389,1.09265114982887,-22.3110718647621));
#1764=CARTESIAN_POINT('Ctrl Pts',(0.734806707899608,0.868161770862935,-22.3737016952383));
#1765=CARTESIAN_POINT('Ctrl Pts',(1.12981517638432,-0.130943022485426,-22.4363315257144));
#1766=CARTESIAN_POINT('Ctrl Pts',(0.516764844430021,-1.01322259937645,-22.4989613561906));
#1767=CARTESIAN_POINT('Ctrl Pts',(-0.55741401494911,-0.991433399496701,
-22.5615911866667));
#1768=CARTESIAN_POINT('Ctrl Pts',(-1.13415417889047,-0.0850688634608076,
-22.6242210171429));
#1769=CARTESIAN_POINT('Ctrl Pts',(-0.699105084333365,0.897265127267245,
-22.686850847619));
#1770=CARTESIAN_POINT('Ctrl Pts',(0.360039831598068,1.07888247689898,-22.7494806780952));
#1771=CARTESIAN_POINT('Ctrl Pts',(1.09732202888726,0.298113716395133,-22.8121105085713));
#1772=CARTESIAN_POINT('Ctrl Pts',(0.856720560146795,-0.749134287008003,
-22.8747403390475));
#1773=CARTESIAN_POINT('Ctrl Pts',(-0.150736702223717,-1.12701142907895,
-22.9373701695236));
#1774=CARTESIAN_POINT('Ctrl Pts',(-0.728853322128843,-0.709847513435805,
-22.9791233898411));
#1775=CARTESIAN_POINT('Ctrl Pts',(-0.868262223678991,-0.425119128518129,
-22.9999999999998));
#1776=CARTESIAN_POINT('Ctrl Pts',(-0.724605943221349,0.518199049426064,
-19.912338984128));
#1777=CARTESIAN_POINT('Ctrl Pts',(-0.554673433911226,0.755818370281652,
-19.9332155942868));
#1778=CARTESIAN_POINT('Ctrl Pts',(0.0340976793067131,1.0472024997859,-19.9749688146042));
#1779=CARTESIAN_POINT('Ctrl Pts',(0.892387334637551,0.550808603327655,-20.0375986450803));
#1780=CARTESIAN_POINT('Ctrl Pts',(0.952075370429347,-0.43754149474471,-20.1002284755565));
#1781=CARTESIAN_POINT('Ctrl Pts',(0.163440529963434,-1.03523478634922,-20.1628583060327));
#1782=CARTESIAN_POINT('Ctrl Pts',(-0.771622530242448,-0.709370435010392,
-20.2254881365088));
#1783=CARTESIAN_POINT('Ctrl Pts',(-1.01789515927741,0.249501029191016,-20.288117966985));
#1784=CARTESIAN_POINT('Ctrl Pts',(-0.356106213873569,0.985718783593486,
-20.3507477974611));
#1785=CARTESIAN_POINT('Ctrl Pts',(0.623501425148409,0.842444170314668,-20.4133776279373));
#1786=CARTESIAN_POINT('Ctrl Pts',(1.04674575678968,-0.0525134146842332,
-20.4760074584134));
#1787=CARTESIAN_POINT('Ctrl Pts',(0.53604958551832,-0.900610855138824,-20.5386372888896));
#1788=CARTESIAN_POINT('Ctrl Pts',(-0.452949751326852,-0.945137900527489,
-20.6012671193657));
#1789=CARTESIAN_POINT('Ctrl Pts',(-1.03779744543332,-0.146361336897599,
-20.6638969498419));
#1790=CARTESIAN_POINT('Ctrl Pts',(-0.696670033854602,0.783005927876245,
-20.7265267803181));
#1791=CARTESIAN_POINT('Ctrl Pts',(0.266064977597528,1.0137339972436,-20.7891566107942));
#1792=CARTESIAN_POINT('Ctrl Pts',(0.991401870541198,0.339954491253774,-20.8517864412704));
#1793=CARTESIAN_POINT('Ctrl Pts',(0.832157685949736,-0.637150403813687,
-20.9144162717465));
#1794=CARTESIAN_POINT('Ctrl Pts',(-0.0695820629081134,-1.04575586298577,
-20.9770461022227));
#1795=CARTESIAN_POINT('Ctrl Pts',(-0.909236885250787,-0.521282288330876,
-21.0396759326988));
#1796=CARTESIAN_POINT('Ctrl Pts',(-0.937622248150526,0.468307060763089,
-21.102305763175));
#1797=CARTESIAN_POINT('Ctrl Pts',(-0.129411136001104,1.040047945353,-21.1649355936511));
#1798=CARTESIAN_POINT('Ctrl Pts',(0.794267460747223,0.683802724909371,-21.2275654241273));
#1799=CARTESIAN_POINT('Ctrl Pts',(1.00925838604992,-0.282567659549387,-21.2901952546034));
#1800=CARTESIAN_POINT('Ctrl Pts',(0.323735288272421,-0.996816147966291,
-21.3528250850796));
#1801=CARTESIAN_POINT('Ctrl Pts',(-0.650641652468601,-0.821652243605648,
-21.4154549155557));
#1802=CARTESIAN_POINT('Ctrl Pts',(-1.04448150162238,0.0866334997709005,
-21.4780847460319));
#1803=CARTESIAN_POINT('Ctrl Pts',(-0.50637939327599,0.917620226136447,-21.5407145765081));
#1804=CARTESIAN_POINT('Ctrl Pts',(0.483541345083061,0.929857374716385,-21.6033444069842));
#1805=CARTESIAN_POINT('Ctrl Pts',(1.0420207756891,0.11242630949911,-21.6659742374604));
#1806=CARTESIAN_POINT('Ctrl Pts',(0.670753836595908,-0.805317488005316,
-21.7286040679365));
#1807=CARTESIAN_POINT('Ctrl Pts',(-0.298995348613705,-1.00451418718775,
-21.7912338984127));
#1808=CARTESIAN_POINT('Ctrl Pts',(-1.00196499302698,-0.307429888162917,
-21.8538637288888));
#1809=CARTESIAN_POINT('Ctrl Pts',(-0.810928144192889,0.663959699517903,
-21.916493559365));
#1810=CARTESIAN_POINT('Ctrl Pts',(0.103661878662315,1.04292914589624,-21.9791233898411));
#1811=CARTESIAN_POINT('Ctrl Pts',(0.925759362232776,0.491341688241013,-22.0417532203173));
#1812=CARTESIAN_POINT('Ctrl Pts',(0.921844897531686,-0.498646878994541,
-22.1043830507934));
#1813=CARTESIAN_POINT('Ctrl Pts',(0.0954117659681495,-1.04371633329478,
-22.1670128812696));
#1814=CARTESIAN_POINT('Ctrl Pts',(-0.816153570731734,-0.657526249013797,
-22.2296427117458));
#1815=CARTESIAN_POINT('Ctrl Pts',(-0.999501817937582,0.315343137908289,
-22.2922725422219));
#1816=CARTESIAN_POINT('Ctrl Pts',(-0.291044204437714,1.00684775378594,-22.354902372698));
#1817=CARTESIAN_POINT('Ctrl Pts',(0.677104017537008,0.799987012371758,-22.4175322031743));
#1818=CARTESIAN_POINT('Ctrl Pts',(1.04109337432535,-0.120660366379556,-22.4801620336503));
#1819=CARTESIAN_POINT('Ctrl Pts',(0.47618448297189,-0.933656545757625,-22.5427918641266));
#1820=CARTESIAN_POINT('Ctrl Pts',(-0.513641567089562,-0.913578401915329,
-22.6054216946026));
#1821=CARTESIAN_POINT('Ctrl Pts',(-1.04509164488744,-0.0783886001548148,
-22.6680515250789));
#1822=CARTESIAN_POINT('Ctrl Pts',(-0.644205960824382,0.826804948753286,
-22.7306813555549));
#1823=CARTESIAN_POINT('Ctrl Pts',(0.33176672698762,0.994160303254038,-22.7933111860312));
#1824=CARTESIAN_POINT('Ctrl Pts',(1.01115183939357,0.274703527994479,-22.8559410165073));
#1825=CARTESIAN_POINT('Ctrl Pts',(0.789444253768574,-0.690306484623358,
-22.9185708469834));
#1826=CARTESIAN_POINT('Ctrl Pts',(-0.138899693713608,-1.03850979888406,
-22.9812006774596));
#1827=CARTESIAN_POINT('Ctrl Pts',(-0.671618137536191,-0.654104811535966,
-23.022953897777));
#1828=CARTESIAN_POINT('Ctrl Pts',(-0.800079576857894,-0.391735495548555,
-23.0438305079358));
#1829=CARTESIAN_POINT('Ctrl Pts',(-0.66285514675038,0.474038213689195,-19.956169492064));
#1830=CARTESIAN_POINT('Ctrl Pts',(-0.507404257270146,0.691407656032207,
-19.9770461022227));
#1831=CARTESIAN_POINT('Ctrl Pts',(0.0311918808176214,0.957960079083844,
-20.0187993225402));
#1832=CARTESIAN_POINT('Ctrl Pts',(0.816338236241404,0.50386878689814,-20.0814291530163));
#1833=CARTESIAN_POINT('Ctrl Pts',(0.870939667673394,-0.400254282236533,
-20.1440589834925));
#1834=CARTESIAN_POINT('Ctrl Pts',(0.149512155520336,-0.947012252171095,
-20.2066888139686));
#1835=CARTESIAN_POINT('Ctrl Pts',(-0.705864988142274,-0.64891800598378,
-20.2693186444448));
#1836=CARTESIAN_POINT('Ctrl Pts',(-0.93115030519867,0.228238593494759,-20.3319484749209));
#1837=CARTESIAN_POINT('Ctrl Pts',(-0.325758902289019,0.90171599483262,-20.3945783053971));
#1838=CARTESIAN_POINT('Ctrl Pts',(0.570366738683471,0.770651219972603,-20.4572081358732));
#1839=CARTESIAN_POINT('Ctrl Pts',(0.957542259648856,-0.0480382303271413,
-20.5198379663494));
#1840=CARTESIAN_POINT('Ctrl Pts',(0.490367530101369,-0.82386094971025,-20.5824677968256));
#1841=CARTESIAN_POINT('Ctrl Pts',(-0.414349449787213,-0.864593407788429,
-20.6450976273017));
#1842=CARTESIAN_POINT('Ctrl Pts',(-0.949356521879556,-0.13388844841175,
-20.7077274577779));
#1843=CARTESIAN_POINT('Ctrl Pts',(-0.637299930875972,0.716278294546475,
-20.770357288254));
#1844=CARTESIAN_POINT('Ctrl Pts',(0.243390965007133,0.927343756692717,-20.8329871187302));
#1845=CARTESIAN_POINT('Ctrl Pts',(0.906914770067575,0.310983626751229,-20.8956169492063));
#1846=CARTESIAN_POINT('Ctrl Pts',(0.761241348073195,-0.582852553685132,
-20.9582467796825));
#1847=CARTESIAN_POINT('Ctrl Pts',(-0.0636522912234301,-0.956636724428237,
-21.0208766101587));
#1848=CARTESIAN_POINT('Ctrl Pts',(-0.831751870988536,-0.476858699493697,
-21.0835064406348));
#1849=CARTESIAN_POINT('Ctrl Pts',(-0.857718238041533,0.428398011899183,
-21.1461362711109));
#1850=CARTESIAN_POINT('Ctrl Pts',(-0.11838274078155,0.951415234575024,-21.2087661015871));
#1851=CARTESIAN_POINT('Ctrl Pts',(0.726580121482424,0.625529171832435,-21.2713959320632));
#1852=CARTESIAN_POINT('Ctrl Pts',(0.923249556331355,-0.258487291181803,
-21.3340257625394));
#1853=CARTESIAN_POINT('Ctrl Pts',(0.29614662151693,-0.911867643682166,-21.3966555930156));
#1854=CARTESIAN_POINT('Ctrl Pts',(-0.595194080401353,-0.751631177756747,
-21.4592854234917));
#1855=CARTESIAN_POINT('Ctrl Pts',(-0.955470963925656,0.0792506075079194,
-21.5219152539679));
#1856=CARTESIAN_POINT('Ctrl Pts',(-0.463225826646012,0.839420784975522,
-21.5845450844441));
#1857=CARTESIAN_POINT('Ctrl Pts',(0.442334033074581,0.850615085813987,-21.6471749149202));
#1858=CARTESIAN_POINT('Ctrl Pts',(0.953219940642072,0.102845358334124,-21.7098047453964));
#1859=CARTESIAN_POINT('Ctrl Pts',(0.613592307583851,-0.736688467278204,
-21.7724345758725));
#1860=CARTESIAN_POINT('Ctrl Pts',(-0.273515015350181,-0.918909657297381,
-21.8350644063486));
#1861=CARTESIAN_POINT('Ctrl Pts',(-0.916577705033754,-0.281230764859227,
-21.8976942368248));
#1862=CARTESIAN_POINT('Ctrl Pts',(-0.7418209842902,0.607377165723628,-21.960324067301));
#1863=CARTESIAN_POINT('Ctrl Pts',(0.0948278308174743,0.954050899693108,
-22.0229538977771));
#1864=CARTESIAN_POINT('Ctrl Pts',(0.846866305264203,0.449469632302043,-22.0855837282533));
#1865=CARTESIAN_POINT('Ctrl Pts',(0.843285430585814,-0.456152275929619,
-22.1482135587294));
#1866=CARTESIAN_POINT('Ctrl Pts',(0.0872807913379332,-0.954771003114093,
-22.2108433892055));
#1867=CARTESIAN_POINT('Ctrl Pts',(-0.746601100859273,-0.601491972788203,
-22.2734732196818));
#1868=CARTESIAN_POINT('Ctrl Pts',(-0.914324441310722,0.288469648793749,
-22.3361030501578));
#1869=CARTESIAN_POINT('Ctrl Pts',(-0.266241466342037,0.921044357743,-22.3987328806341));
#1870=CARTESIAN_POINT('Ctrl Pts',(0.619401327174408,0.731812253880581,-22.4613627111102));
#1871=CARTESIAN_POINT('Ctrl Pts',(0.952371572266382,-0.110377710273686,
-22.5239925415864));
#1872=CARTESIAN_POINT('Ctrl Pts',(0.43560412151376,-0.854090492138805,-22.5866223720625));
#1873=CARTESIAN_POINT('Ctrl Pts',(-0.469869119230013,-0.835723404333957,
-22.6492522025386));
#1874=CARTESIAN_POINT('Ctrl Pts',(-0.956029110884401,-0.0717083368488219,
-22.7118820330149));
#1875=CARTESIAN_POINT('Ctrl Pts',(-0.589306837315399,0.756344770239325,
-22.7745118634909));
#1876=CARTESIAN_POINT('Ctrl Pts',(0.30349362237717,0.909438129609096,-22.8371416939672));
#1877=CARTESIAN_POINT('Ctrl Pts',(0.924981649899882,0.251293339593824,-22.8997715244432));
#1878=CARTESIAN_POINT('Ctrl Pts',(0.722167947390352,-0.631478682238712,
-22.9624013549195));
#1879=CARTESIAN_POINT('Ctrl Pts',(-0.127062685203498,-0.950008168689167,
-23.0250311853956));
#1880=CARTESIAN_POINT('Ctrl Pts',(-0.614382952943538,-0.598362109636127,
-23.066784405713));
#1881=CARTESIAN_POINT('Ctrl Pts',(-0.731896930036796,-0.35835186257898,
-23.0876610158717));
#1882=CARTESIAN_POINT('Ctrl Pts',(-0.601104350279411,0.429877377952327,
-20.));
#1883=CARTESIAN_POINT('Ctrl Pts',(-0.460135080629066,0.626996941782761,
-20.0208766101587));
#1884=CARTESIAN_POINT('Ctrl Pts',(0.0282860823285292,0.86871765838179,-20.0626298304762));
#1885=CARTESIAN_POINT('Ctrl Pts',(0.740289137845259,0.456928970468626,-20.1252596609523));
#1886=CARTESIAN_POINT('Ctrl Pts',(0.78980396491744,-0.362967069728357,-20.1878894914285));
#1887=CARTESIAN_POINT('Ctrl Pts',(0.135583781077239,-0.858789717992972,
-20.2505193219046));
#1888=CARTESIAN_POINT('Ctrl Pts',(-0.640107446042101,-0.588465576957168,
-20.3131491523808));
#1889=CARTESIAN_POINT('Ctrl Pts',(-0.84440545111993,0.206976157798501,-20.3757789828569));
#1890=CARTESIAN_POINT('Ctrl Pts',(-0.295411590704469,0.817713206071754,
-20.4384088133331));
#1891=CARTESIAN_POINT('Ctrl Pts',(0.517232052218534,0.698858269630537,-20.5010386438092));
#1892=CARTESIAN_POINT('Ctrl Pts',(0.868338762508032,-0.043563045970049,
-20.5636684742854));
#1893=CARTESIAN_POINT('Ctrl Pts',(0.444685474684418,-0.747111044281676,
-20.6262983047615));
#1894=CARTESIAN_POINT('Ctrl Pts',(-0.375749148247574,-0.784048915049369,
-20.6889281352377));
#1895=CARTESIAN_POINT('Ctrl Pts',(-0.860915598325791,-0.1214155599259,-20.7515579657139));
#1896=CARTESIAN_POINT('Ctrl Pts',(-0.577929827897342,0.649550661216705,
-20.81418779619));
#1897=CARTESIAN_POINT('Ctrl Pts',(0.220716952416738,0.840953516141835,-20.8768176266662));
#1898=CARTESIAN_POINT('Ctrl Pts',(0.822427669593953,0.282012762248684,-20.9394474571423));
#1899=CARTESIAN_POINT('Ctrl Pts',(0.690325010196654,-0.528554703556578,
-21.0020772876185));
#1900=CARTESIAN_POINT('Ctrl Pts',(-0.0577225195387461,-0.867517585870702,
-21.0647071180946));
#1901=CARTESIAN_POINT('Ctrl Pts',(-0.754266856726287,-0.432435110656518,
-21.1273369485708));
#1902=CARTESIAN_POINT('Ctrl Pts',(-0.77781422793254,0.388488963035278,-21.1899667790469));
#1903=CARTESIAN_POINT('Ctrl Pts',(-0.107354345561996,0.862782523797047,
-21.2525966095231));
#1904=CARTESIAN_POINT('Ctrl Pts',(0.658892782217624,0.567255618755498,-21.3152264399992));
#1905=CARTESIAN_POINT('Ctrl Pts',(0.837240726612788,-0.234406922814219,
-21.3778562704754));
#1906=CARTESIAN_POINT('Ctrl Pts',(0.268557954761439,-0.826919139398043,
-21.4404861009516));
#1907=CARTESIAN_POINT('Ctrl Pts',(-0.539746508334105,-0.681610111907845,
-21.5031159314277));
#1908=CARTESIAN_POINT('Ctrl Pts',(-0.866460426228931,0.0718677152449385,
-21.5657457619039));
#1909=CARTESIAN_POINT('Ctrl Pts',(-0.420072260016037,0.761221343814596,
-21.62837559238));
#1910=CARTESIAN_POINT('Ctrl Pts',(0.401126721066102,0.771372796911589,-21.6910054228562));
#1911=CARTESIAN_POINT('Ctrl Pts',(0.86441910559504,0.0932644071691362,-21.7536352533323));
#1912=CARTESIAN_POINT('Ctrl Pts',(0.556430778571795,-0.668059446551092,
-21.8162650838085));
#1913=CARTESIAN_POINT('Ctrl Pts',(-0.248034682086658,-0.833305127407012,
-21.8788949142846));
#1914=CARTESIAN_POINT('Ctrl Pts',(-0.831190417040529,-0.255031641555538,
-21.9415247447608));
#1915=CARTESIAN_POINT('Ctrl Pts',(-0.672713824387513,0.550794631929354,
-22.0041545752369));
#1916=CARTESIAN_POINT('Ctrl Pts',(0.0859937829726341,0.865172653489976,
-22.0667844057131));
#1917=CARTESIAN_POINT('Ctrl Pts',(0.767973248295629,0.407597576363073,-22.1294142361892));
#1918=CARTESIAN_POINT('Ctrl Pts',(0.764725963639942,-0.413657672864698,
-22.1920440666654));
#1919=CARTESIAN_POINT('Ctrl Pts',(0.0791498167077175,-0.865825672933407,
-22.2546738971415));
#1920=CARTESIAN_POINT('Ctrl Pts',(-0.677048630986814,-0.54545769656261,
-22.3173037276177));
#1921=CARTESIAN_POINT('Ctrl Pts',(-0.829147064683861,0.261596159679209,
-22.3799335580939));
#1922=CARTESIAN_POINT('Ctrl Pts',(-0.241438728246361,0.835240961700066,
-22.44256338857));
#1923=CARTESIAN_POINT('Ctrl Pts',(0.561698636811807,0.663637495389403,-22.5051932190462));
#1924=CARTESIAN_POINT('Ctrl Pts',(0.863649770207412,-0.100095054167815,
-22.5678230495223));
#1925=CARTESIAN_POINT('Ctrl Pts',(0.39502376005563,-0.774524438519985,-22.6304528799985));
#1926=CARTESIAN_POINT('Ctrl Pts',(-0.426096671370465,-0.757868406752584,
-22.6930827104746));
#1927=CARTESIAN_POINT('Ctrl Pts',(-0.866966576881365,-0.0650280735428296,
-22.7557125409508));
#1928=CARTESIAN_POINT('Ctrl Pts',(-0.534407713806416,0.685884591725365,
-22.8183423714269));
#1929=CARTESIAN_POINT('Ctrl Pts',(0.275220517766721,0.824715955964154,-22.8809722019031));
#1930=CARTESIAN_POINT('Ctrl Pts',(0.838811460406193,0.22788315119317,-22.9436020323793));
#1931=CARTESIAN_POINT('Ctrl Pts',(0.654891641012131,-0.572650879854066,
-23.0062318628554));
#1932=CARTESIAN_POINT('Ctrl Pts',(-0.115225676693387,-0.861506538494276,
-23.0688616933316));
#1933=CARTESIAN_POINT('Ctrl Pts',(-0.557147768350886,-0.542619407736288,
-23.110614913649));
#1934=CARTESIAN_POINT('Ctrl Pts',(-0.663714283215698,-0.324968229609406,
-23.1314915238077));
#1935=CARTESIAN_POINT('',(-0.868262223678994,-0.425119128518123,-22.9999999999998));
#1936=CARTESIAN_POINT('Ctrl Pts',(0.601728469640812,-0.430756751764538,
-22.9999999999998));
#1937=CARTESIAN_POINT('Ctrl Pts',(0.59070008240939,-0.452685384057204,-22.9999999999998));
#1938=CARTESIAN_POINT('Ctrl Pts',(0.578557736097636,-0.473961509674174,
-22.9999999999998));
#1939=CARTESIAN_POINT('Ctrl Pts',(0.565330457252657,-0.494489739718884,
-22.9999999999998));
#1940=CARTESIAN_POINT('Ctrl Pts',(0.546737508285524,-0.523345284240177,
-22.9999999999998));
#1941=CARTESIAN_POINT('Ctrl Pts',(0.526003548914172,-0.550724501458998,
-22.9999999999998));
#1942=CARTESIAN_POINT('Ctrl Pts',(0.503404866563216,-0.576566912992236,
-22.9999999999998));
#1943=CARTESIAN_POINT('Ctrl Pts',(0.484452939962469,-0.598239127281467,
-22.9999999999998));
#1944=CARTESIAN_POINT('Ctrl Pts',(0.464188293180007,-0.618830573803065,
-22.9999999999998));
#1945=CARTESIAN_POINT('Ctrl Pts',(0.44274731624177,-0.638295750636466,-22.9999999999998));
#1946=CARTESIAN_POINT('Ctrl Pts',(0.436268803498195,-0.644177264176375,
-22.9999999999998));
#1947=CARTESIAN_POINT('Ctrl Pts',(0.429682746327517,-0.649955871177711,
-22.9999999999998));
#1948=CARTESIAN_POINT('Ctrl Pts',(0.422992544954436,-0.655630088287146,
-22.9999999999998));
#1949=CARTESIAN_POINT('Ctrl Pts',(0.416834707890696,-0.660852786749525,
-22.9999999999998));
#1950=CARTESIAN_POINT('Ctrl Pts',(0.410594198756013,-0.665982232938376,
-22.9999999999998));
#1951=CARTESIAN_POINT('Ctrl Pts',(0.404280028952315,-0.671013175359787,
-22.9999999999998));
#1952=CARTESIAN_POINT('Ctrl Pts',(0.375934650323468,-0.693597928736438,
-22.9999999999998));
#1953=CARTESIAN_POINT('Ctrl Pts',(0.346074432075715,-0.714228363685425,
-22.9999999999998));
#1954=CARTESIAN_POINT('Ctrl Pts',(0.3149892246872,-0.732838702752309,-22.9999999999998));
#1955=CARTESIAN_POINT('Ctrl Pts',(0.282800576085917,-0.752109658776105,
-22.9999999999998));
#1956=CARTESIAN_POINT('Ctrl Pts',(0.249297677712363,-0.769215536878817,
-22.9999999999998));
#1957=CARTESIAN_POINT('Ctrl Pts',(0.214754342021047,-0.784054436419277,
-22.9999999999998));
#1958=CARTESIAN_POINT('Ctrl Pts',(0.199519190362468,-0.790599052925498,
-22.9999999999998));
#1959=CARTESIAN_POINT('Ctrl Pts',(0.184081109840188,-0.796702236983421,
-22.9999999999998));
#1960=CARTESIAN_POINT('Ctrl Pts',(0.168461413806452,-0.802352770258847,
-22.9999999999998));
#1961=CARTESIAN_POINT('Ctrl Pts',(0.157896131247701,-0.806174834435612,
-22.9999999999998));
#1962=CARTESIAN_POINT('Ctrl Pts',(0.147241790152608,-0.809791431353678,
-22.9999999999998));
#1963=CARTESIAN_POINT('Ctrl Pts',(0.136537528894949,-0.813188871182753,
-22.9999999999998));
#1964=CARTESIAN_POINT('Ctrl Pts',(0.0996490095674344,-0.824896967779259,
-22.9999999999998));
#1965=CARTESIAN_POINT('Ctrl Pts',(0.0621150492001824,-0.834028146016988,
-22.9999999999998));
#1966=CARTESIAN_POINT('Ctrl Pts',(0.0242327129334359,-0.840495189120982,
-22.9999999999998));
#1967=CARTESIAN_POINT('Ctrl Pts',(-0.0136488578224776,-0.8469621015416,
-22.9999999999998));
#1968=CARTESIAN_POINT('Ctrl Pts',(-0.051879961916866,-0.850765801193833,
-22.9999999999998));
#1969=CARTESIAN_POINT('Ctrl Pts',(-0.0901939842008353,-0.851778227910075,
-22.9999999999998));
#1970=CARTESIAN_POINT('Ctrl Pts',(-0.097815247479797,-0.851979615550818,
-22.9999999999998));
#1971=CARTESIAN_POINT('Ctrl Pts',(-0.105439855411362,-0.852070407599258,
-22.9999999999998));
#1972=CARTESIAN_POINT('Ctrl Pts',(-0.113065789195702,-0.852049359148414,
-22.9999999999998));
#1973=CARTESIAN_POINT('Ctrl Pts',(-0.127175336743316,-0.852010415180843,
-22.9999999999998));
#1974=CARTESIAN_POINT('Ctrl Pts',(-0.141289418065659,-0.851588673571857,
-22.9999999999998));
#1975=CARTESIAN_POINT('Ctrl Pts',(-0.155398125387051,-0.850791761180231,
-22.9999999999998));
#1976=CARTESIAN_POINT('Ctrl Pts',(-0.165359667672461,-0.850229096131895,
-22.9999999999998));
#1977=CARTESIAN_POINT('Ctrl Pts',(-0.175321476820196,-0.849478899607226,
-22.9999999999998));
#1978=CARTESIAN_POINT('Ctrl Pts',(-0.185254722418721,-0.848546545645516,
-22.9999999999998));
#1979=CARTESIAN_POINT('Ctrl Pts',(-0.223630611055563,-0.844944509286924,
-22.9999999999998));
#1980=CARTESIAN_POINT('Ctrl Pts',(-0.261655593458092,-0.838625222470572,
-22.9999999999998));
#1981=CARTESIAN_POINT('Ctrl Pts',(-0.29912180232141,-0.829804007280088,
-22.9999999999998));
#1982=CARTESIAN_POINT('Ctrl Pts',(-0.337565910158838,-0.820752551092533,
-22.9999999999998));
#1983=CARTESIAN_POINT('Ctrl Pts',(-0.375422669924096,-0.809066767349325,
-22.9999999999998));
#1984=CARTESIAN_POINT('Ctrl Pts',(-0.412477683784184,-0.79492403558535,
-22.9999999999998));
#1985=CARTESIAN_POINT('Ctrl Pts',(-0.438789450476335,-0.784881662912965,
-22.9999999999998));
#1986=CARTESIAN_POINT('Ctrl Pts',(-0.464697230253201,-0.773599307030036,
-22.9999999999998));
#1987=CARTESIAN_POINT('Ctrl Pts',(-0.490122944477588,-0.761124793532764,
-22.9999999999998));
#1988=CARTESIAN_POINT('Ctrl Pts',(-0.497051077045972,-0.757725672372489,
-22.9999999999998));
#1989=CARTESIAN_POINT('Ctrl Pts',(-0.503941624133104,-0.754238751627101,
-22.9999999999998));
#1990=CARTESIAN_POINT('Ctrl Pts',(-0.510784943652017,-0.750669439671357,
-22.9999999999998));
#1991=CARTESIAN_POINT('Ctrl Pts',(-0.54693037258582,-0.731816847551065,
-22.9999999999998));
#1992=CARTESIAN_POINT('Ctrl Pts',(-0.581822608256876,-0.710638596195155,
-22.9999999999998));
#1993=CARTESIAN_POINT('Ctrl Pts',(-0.615239937515911,-0.687318612308034,
-22.9999999999998));
#1994=CARTESIAN_POINT('Ctrl Pts',(-0.643824259957104,-0.667371298937002,
-22.9999999999998));
#1995=CARTESIAN_POINT('Ctrl Pts',(-0.671329904228691,-0.645855945100712,
-22.9999999999998));
#1996=CARTESIAN_POINT('Ctrl Pts',(-0.69761177995299,-0.622860452058906,
-22.9999999999998));
#1997=CARTESIAN_POINT('Ctrl Pts',(-0.704661606039485,-0.61669216222988,
-22.9999999999998));
#1998=CARTESIAN_POINT('Ctrl Pts',(-0.711620463374644,-0.610419632654604,
-22.9999999999998));
#1999=CARTESIAN_POINT('Ctrl Pts',(-0.71847961056082,-0.604050453890409,
-22.9999999999998));
#2000=CARTESIAN_POINT('Ctrl Pts',(-0.749704639571309,-0.575055917647503,
-22.9999999999998));
#2001=CARTESIAN_POINT('Ctrl Pts',(-0.778903049292973,-0.544028994505315,
-22.9999999999998));
#2002=CARTESIAN_POINT('Ctrl Pts',(-0.805827698993269,-0.511145741865953,
-22.9999999999998));
#2003=CARTESIAN_POINT('Ctrl Pts',(-0.828271436605653,-0.483735056776465,
-22.9999999999998));
#2004=CARTESIAN_POINT('Ctrl Pts',(-0.84913545019613,-0.455033433007536,
-22.9999999999998));
#2005=CARTESIAN_POINT('Ctrl Pts',(-0.868262223678988,-0.425119128518136,
-22.9999999999998));
#2006=CARTESIAN_POINT('Ctrl Pts',(0.869257062258492,0.426119276895534,-20.));
#2007=CARTESIAN_POINT('Ctrl Pts',(0.852440386280345,0.452747836047795,-20.));
#2008=CARTESIAN_POINT('Ctrl Pts',(0.834286719972774,0.478444557251328,-20.));
#2009=CARTESIAN_POINT('Ctrl Pts',(0.814793375660179,0.503087843805182,-20.));
#2010=CARTESIAN_POINT('Ctrl Pts',(0.791757580662041,0.532209460292926,-20.));
#2011=CARTESIAN_POINT('Ctrl Pts',(0.766850738337151,0.559860729279306,-20.));
#2012=CARTESIAN_POINT('Ctrl Pts',(0.740264295250089,0.585946236485727,-20.));
#2013=CARTESIAN_POINT('Ctrl Pts',(0.730540016871726,0.595487292161562,-20.));
#2014=CARTESIAN_POINT('Ctrl Pts',(0.720590913510672,0.604818609454361,-20.));
#2015=CARTESIAN_POINT('Ctrl Pts',(0.710426018875049,0.613934555260308,-20.));
#2016=CARTESIAN_POINT('Ctrl Pts',(0.703076982526271,0.620525220435194,-20.));
#2017=CARTESIAN_POINT('Ctrl Pts',(0.695615268266185,0.627002995322682,-20.));
#2018=CARTESIAN_POINT('Ctrl Pts',(0.688055065494405,0.633357103998872,-20.));
#2019=CARTESIAN_POINT('Ctrl Pts',(0.656115165899876,0.660201568262155,-20.));
#2020=CARTESIAN_POINT('Ctrl Pts',(0.62237211730418,0.684885404312606,-20.));
#2021=CARTESIAN_POINT('Ctrl Pts',(0.587103979813585,0.707274896895391,-20.));
#2022=CARTESIAN_POINT('Ctrl Pts',(0.566376644286161,0.720433361109043,-20.));
#2023=CARTESIAN_POINT('Ctrl Pts',(0.545122131686349,0.732798455986932,-20.));
#2024=CARTESIAN_POINT('Ctrl Pts',(0.523395335105385,0.744334749662258,-20.));
#2025=CARTESIAN_POINT('Ctrl Pts',(0.51474953203691,0.748925418281318,-20.));
#2026=CARTESIAN_POINT('Ctrl Pts',(0.506028940776511,0.753384774620308,-20.));
#2027=CARTESIAN_POINT('Ctrl Pts',(0.497237032766123,0.757710297993805,-20.));
#2028=CARTESIAN_POINT('Ctrl Pts',(0.489014221853049,0.761755831768536,-20.));
#2029=CARTESIAN_POINT('Ctrl Pts',(0.480737524598974,0.76568008017697,-20.));
#2030=CARTESIAN_POINT('Ctrl Pts',(0.472413175383246,0.769480318927466,-20.));
#2031=CARTESIAN_POINT('Ctrl Pts',(0.435923592473587,0.786138573328987,-20.));
#2032=CARTESIAN_POINT('Ctrl Pts',(0.398498954290847,0.800427801714106,-20.));
#2033=CARTESIAN_POINT('Ctrl Pts',(0.360386885416978,0.812221948160619,-20.));
#2034=CARTESIAN_POINT('Ctrl Pts',(0.323164791134198,0.823740683406136,-20.));
#2035=CARTESIAN_POINT('Ctrl Pts',(0.28528590763193,0.832879571460707,-20.));
#2036=CARTESIAN_POINT('Ctrl Pts',(0.24698355761605,0.839473072681263,-20.));
#2037=CARTESIAN_POINT('Ctrl Pts',(0.227565460202606,0.842815772253048,-20.));
#2038=CARTESIAN_POINT('Ctrl Pts',(0.208038667273555,0.845503482511944,-20.));
#2039=CARTESIAN_POINT('Ctrl Pts',(0.188435159311261,0.847509659987772,-20.));
#2040=CARTESIAN_POINT('Ctrl Pts',(0.180367494052429,0.848335286113255,-20.));
#2041=CARTESIAN_POINT('Ctrl Pts',(0.172284448139797,0.849045613205378,-20.));
#2042=CARTESIAN_POINT('Ctrl Pts',(0.164196151666487,0.849638065173845,-20.));
#2043=CARTESIAN_POINT('Ctrl Pts',(0.126574795793405,0.852393756241423,-20.));
#2044=CARTESIAN_POINT('Ctrl Pts',(0.0889645433676955,0.852595710425241,
-20.));
#2045=CARTESIAN_POINT('Ctrl Pts',(0.0515813128674218,0.850111152699173,
-20.));
#2046=CARTESIAN_POINT('Ctrl Pts',(0.0438756724630065,0.849599021774561,
-20.));
#2047=CARTESIAN_POINT('Ctrl Pts',(0.0361797159553801,0.84897257490397,-20.));
#2048=CARTESIAN_POINT('Ctrl Pts',(0.0284954086768951,0.848230378738987,
-20.));
#2049=CARTESIAN_POINT('Ctrl Pts',(-0.00974317515036147,0.844537068562486,
-20.));
#2050=CARTESIAN_POINT('Ctrl Pts',(-0.0476956937053508,0.837980925498505,
-20.));
#2051=CARTESIAN_POINT('Ctrl Pts',(-0.0851046577631952,0.828699429439748,
-20.));
#2052=CARTESIAN_POINT('Ctrl Pts',(-0.100999778845751,0.824755708799607,
-20.));
#2053=CARTESIAN_POINT('Ctrl Pts',(-0.116796384833458,0.820319430127331,
-20.));
#2054=CARTESIAN_POINT('Ctrl Pts',(-0.132472719620683,0.815399109628606,
-20.));
#2055=CARTESIAN_POINT('Ctrl Pts',(-0.140023338429883,0.813029202057148,
-20.));
#2056=CARTESIAN_POINT('Ctrl Pts',(-0.147548289765032,0.810546197534444,
-20.));
#2057=CARTESIAN_POINT('Ctrl Pts',(-0.155037696035035,0.807953521459721,
-20.));
#2058=CARTESIAN_POINT('Ctrl Pts',(-0.190263639072448,0.795759035484453,
-20.));
#2059=CARTESIAN_POINT('Ctrl Pts',(-0.224583112151836,0.781186097224341,
-20.));
#2060=CARTESIAN_POINT('Ctrl Pts',(-0.257772869048987,0.764387052741699,
-20.));
#2061=CARTESIAN_POINT('Ctrl Pts',(-0.290717856263619,0.747711898795447,
-20.));
#2062=CARTESIAN_POINT('Ctrl Pts',(-0.322550653285075,0.728842377677223,
-20.));
#2063=CARTESIAN_POINT('Ctrl Pts',(-0.3530161288389,0.707892627736533,-20.));
#2064=CARTESIAN_POINT('Ctrl Pts',(-0.366768294833394,0.698435876003953,
-20.));
#2065=CARTESIAN_POINT('Ctrl Pts',(-0.380241267025207,0.688554864532746,
-20.));
#2066=CARTESIAN_POINT('Ctrl Pts',(-0.393408346753266,0.678258536091892,
-20.));
#2067=CARTESIAN_POINT('Ctrl Pts',(-0.400817198901886,0.672464998218088,
-20.));
#2068=CARTESIAN_POINT('Ctrl Pts',(-0.408129163447755,0.666539952981704,
-20.));
#2069=CARTESIAN_POINT('Ctrl Pts',(-0.415339160878493,0.660484902160374,
-20.));
#2070=CARTESIAN_POINT('Ctrl Pts',(-0.42100194091253,0.655729224890655,-20.));
#2071=CARTESIAN_POINT('Ctrl Pts',(-0.426600223566646,0.650894551031593,
-20.));
#2072=CARTESIAN_POINT('Ctrl Pts',(-0.432123278890091,0.645989478239739,
-20.));
#2073=CARTESIAN_POINT('Ctrl Pts',(-0.458533745481516,0.622534116395391,
-20.));
#2074=CARTESIAN_POINT('Ctrl Pts',(-0.483284476358371,0.59742377117461,-20.));
#2075=CARTESIAN_POINT('Ctrl Pts',(-0.506154350132075,0.5707683479791,-20.));
#2076=CARTESIAN_POINT('Ctrl Pts',(-0.528197583790311,0.545076394994498,
-20.));
#2077=CARTESIAN_POINT('Ctrl Pts',(-0.548493858096195,0.517948182964748,
-20.));
#2078=CARTESIAN_POINT('Ctrl Pts',(-0.566800326326243,0.489466418972627,
-20.));
#2079=CARTESIAN_POINT('Ctrl Pts',(-0.579174604732486,0.470214137608988,
-20.));
#2080=CARTESIAN_POINT('Ctrl Pts',(-0.590638794313086,0.45034309779421,-20.));
#2081=CARTESIAN_POINT('Ctrl Pts',(-0.601104350279411,0.429877377952327,
-20.));
#2082=CARTESIAN_POINT('Ctrl Pts',(-0.868262223678991,-0.425119128518129,
-22.9999999999998));
#2083=CARTESIAN_POINT('Ctrl Pts',(-0.728853322128843,-0.709847513435805,
-22.9791233898411));
#2084=CARTESIAN_POINT('Ctrl Pts',(-0.439795012176281,-0.918429471257375,
-22.9582467796823));
#2085=CARTESIAN_POINT('Ctrl Pts',(-0.127356313471583,-0.959740926489671,
-22.9373701695236));
#2086=CARTESIAN_POINT('Ctrl Pts',(-0.0855301587040279,-0.965271289173239,
-22.9345754186457));
#2087=CARTESIAN_POINT('Ctrl Pts',(-0.0432850001307079,-0.967803969571865,
-22.9317806677677));
#2088=CARTESIAN_POINT('Ctrl Pts',(-0.000983557773805571,-0.967472618719824,
-22.9289859168897));
#2089=CARTESIAN_POINT('Origin',(0.,0.,-21.5));
#2090=CARTESIAN_POINT('Origin',(0.,0.,-22.9999999999998));
#2091=CARTESIAN_POINT('Origin',(0.,0.,-19.95));
#2092=CARTESIAN_POINT('',(-1.40834381901952E-16,1.15000000000005,-20.));
#2093=CARTESIAN_POINT('Origin',(0.,0.,-20.));
#2094=CARTESIAN_POINT('',(1.53080849893422E-16,1.25000000000002,-19.9));
#2095=CARTESIAN_POINT('',(1.46957615897687E-16,1.20000000000004,-19.95));
#2096=CARTESIAN_POINT('',(-1.53080849893422E-16,-1.25000000000002,-19.9));
#2097=CARTESIAN_POINT('Origin',(0.,0.,-19.9));
#2098=CARTESIAN_POINT('Origin',(0.,0.,-19.9));
#2099=CARTESIAN_POINT('Origin',(0.,0.,-10.));
#2100=CARTESIAN_POINT('',(-1.53080849893422E-16,-1.25000000000002,0.));
#2101=CARTESIAN_POINT('',(-1.53080849893422E-16,-1.25000000000002,-10.));
#2102=CARTESIAN_POINT('Origin',(0.,0.,0.));
#2103=CARTESIAN_POINT('Origin',(0.,0.825,-20.));
#2104=CARTESIAN_POINT('Origin',(0.,0.,1.95));
#2105=CARTESIAN_POINT('',(-2.44929359829471E-16,2.,1.9));
#2106=CARTESIAN_POINT('',(-2.44929359829471E-16,-2.,1.9));
#2107=CARTESIAN_POINT('Origin',(0.,0.,1.9));
#2108=CARTESIAN_POINT('Origin',(0.,0.,1.9));
#2109=CARTESIAN_POINT('',(2.32682891837997E-16,1.9,2.));
#2110=CARTESIAN_POINT('',(2.38806125833734E-16,1.95,1.95));
#2111=CARTESIAN_POINT('Origin',(0.,0.,2.));
#2112=CARTESIAN_POINT('Origin',(0.,2.,2.));
#2113=CARTESIAN_POINT('',(-2.66667109355044E-16,0.866025403784437,2.));
#2114=CARTESIAN_POINT('',(0.749999999999998,0.433012701892218,2.));
#2115=CARTESIAN_POINT('',(0.129487298107779,0.791265877365273,2.));
#2116=CARTESIAN_POINT('',(0.749999999999998,-0.433012701892221,2.));
#2117=CARTESIAN_POINT('',(0.749999999999998,0.783493649053889,2.));
#2118=CARTESIAN_POINT('',(-2.77555756156289E-16,-0.866025403784437,2.));
#2119=CARTESIAN_POINT('',(0.620512701892216,-0.507772228311386,2.));
#2120=CARTESIAN_POINT('',(-0.750000000000001,-0.43301270189222,2.));
#2121=CARTESIAN_POINT('',(-0.995512701892217,-0.291265877365277,2.));
#2122=CARTESIAN_POINT('',(-0.749999999999998,0.433012701892219,2.));
#2123=CARTESIAN_POINT('',(-0.749999999999995,1.21650635094611,2.));
#2124=CARTESIAN_POINT('',(0.245512701892219,1.00777222831138,2.));
#2125=CARTESIAN_POINT('Origin',(0.,0.,1.));
#2126=CARTESIAN_POINT('',(-2.44929359829471E-16,-2.,0.));
#2127=CARTESIAN_POINT('Origin',(0.,0.,0.));
#2128=CARTESIAN_POINT('',(-2.44929359829471E-16,-2.,1.));
#2129=CARTESIAN_POINT('Origin',(0.749999999999998,0.433012701892218,2.));
#2130=CARTESIAN_POINT('',(0.662511336474074,0.382501098454485,1.));
#2131=CARTESIAN_POINT('',(-2.80654751959798E-16,0.765002196908971,1.));
#2132=CARTESIAN_POINT('',(0.706255668237036,0.357245296735619,1.));
#2133=CARTESIAN_POINT('',(0.748105765406491,0.431919065039748,1.97834879952251));
#2134=CARTESIAN_POINT('',(-3.12250225675825E-16,0.863838130079497,1.97834879952251));
#2135=CARTESIAN_POINT('Origin',(-2.66667109355044E-16,0.866025403784437,
2.));
#2136=CARTESIAN_POINT('',(-0.662511336474074,0.382501098454486,1.));
#2137=CARTESIAN_POINT('',(0.0437443317629617,0.790257998627838,1.));
#2138=CARTESIAN_POINT('',(-0.74810576540649,0.431919065039749,1.97834879952251));
#2139=CARTESIAN_POINT('Origin',(-0.749999999999998,0.433012701892219,2.));
#2140=CARTESIAN_POINT('',(-0.662511336474077,-0.382501098454487,1.));
#2141=CARTESIAN_POINT('',(-0.662511336474074,0.433012701892219,1.));
#2142=CARTESIAN_POINT('',(-0.748105765406493,-0.43191906503975,1.97834879952251));
#2143=CARTESIAN_POINT('Origin',(-0.750000000000001,-0.43301270189222,2.));
#2144=CARTESIAN_POINT('',(-2.77555756156289E-16,-0.765002196908971,1.));
#2145=CARTESIAN_POINT('',(-0.706255668237039,-0.35724529673562,1.));
#2146=CARTESIAN_POINT('',(-2.77555756156289E-16,-0.863838130079497,1.97834879952251));
#2147=CARTESIAN_POINT('Origin',(-2.77555756156289E-16,-0.866025403784437,
2.));
#2148=CARTESIAN_POINT('',(0.662511336474074,-0.382501098454488,1.));
#2149=CARTESIAN_POINT('',(-0.043744331762962,-0.790257998627837,1.));
#2150=CARTESIAN_POINT('',(0.748105765406491,-0.431919065039751,1.97834879952251));
#2151=CARTESIAN_POINT('Origin',(0.749999999999998,-0.433012701892221,2.));
#2152=CARTESIAN_POINT('',(0.662511336474074,-0.433012701892221,1.));
#2153=CARTESIAN_POINT('Origin',(-1.11022302462516E-15,0.,1.));
#2154=CARTESIAN_POINT('Origin',(0.,1.25,-3.37037740267766E-32));
#2155=CARTESIAN_POINT('Origin',(0.,0.,-22.9999999999998));
#2156=UNCERTAINTY_MEASURE_WITH_UNIT(LENGTH_MEASURE(0.01),#2160,
'DISTANCE_ACCURACY_VALUE',
'Maximum model space distance between geometric entities at asserted c
onnectivities');
#2157=UNCERTAINTY_MEASURE_WITH_UNIT(LENGTH_MEASURE(0.01),#2160,
'DISTANCE_ACCURACY_VALUE',
'Maximum model space distance between geometric entities at asserted c
onnectivities');
#2158=(
GEOMETRIC_REPRESENTATION_CONTEXT(3)
GLOBAL_UNCERTAINTY_ASSIGNED_CONTEXT((#2156))
GLOBAL_UNIT_ASSIGNED_CONTEXT((#2160,#2162,#2163))
REPRESENTATION_CONTEXT('','3D')
);
#2159=(
GEOMETRIC_REPRESENTATION_CONTEXT(3)
GLOBAL_UNCERTAINTY_ASSIGNED_CONTEXT((#2157))
GLOBAL_UNIT_ASSIGNED_CONTEXT((#2160,#2162,#2163))
REPRESENTATION_CONTEXT('','3D')
);
#2160=(
LENGTH_UNIT()
NAMED_UNIT(*)
SI_UNIT(.MILLI.,.METRE.)
);
#2161=(
LENGTH_UNIT()
NAMED_UNIT(*)
SI_UNIT($,.METRE.)
);
#2162=(
NAMED_UNIT(*)
PLANE_ANGLE_UNIT()
SI_UNIT($,.RADIAN.)
);
#2163=(
NAMED_UNIT(*)
SI_UNIT($,.STERADIAN.)
SOLID_ANGLE_UNIT()
);
#2164=SHAPE_DEFINITION_REPRESENTATION(#2165,#2166);
#2165=PRODUCT_DEFINITION_SHAPE('',$,#2168);
#2166=SHAPE_REPRESENTATION('',(#613),#2158);
#2167=PRODUCT_DEFINITION_CONTEXT('part definition',#2172,'design');
#2168=PRODUCT_DEFINITION('AMPG MTO SSH BASE','AMPG MTO SSH BASE v11',#2169,
#2167);
#2169=PRODUCT_DEFINITION_FORMATION('',$,#2174);
#2170=PRODUCT_RELATED_PRODUCT_CATEGORY('AMPG MTO SSH BASE v11',
'AMPG MTO SSH BASE v11',(#2174));
#2171=APPLICATION_PROTOCOL_DEFINITION('international standard',
'automotive_design',2009,#2172);
#2172=APPLICATION_CONTEXT(
'Core Data for Automotive Mechanical Design Process');
#2173=PRODUCT_CONTEXT('part definition',#2172,'mechanical');
#2174=PRODUCT('AMPG MTO SSH BASE','AMPG MTO SSH BASE v11',$,(#2173));
#2175=PRESENTATION_STYLE_ASSIGNMENT((#2176));
#2176=SURFACE_STYLE_USAGE(.BOTH.,#2177);
#2177=SURFACE_SIDE_STYLE('',(#2178));
#2178=SURFACE_STYLE_FILL_AREA(#2179);
#2179=FILL_AREA_STYLE('Steel - Satin',(#2180));
#2180=FILL_AREA_STYLE_COLOUR('Steel - Satin',#2181);
#2181=COLOUR_RGB('Steel - Satin',0.627450980392157,0.627450980392157,0.627450980392157);
ENDSEC;
END-ISO-10303-21;
